kernel_name,kernel_provider,kernel_operation_mode,metric_name,metric_unit,x_name,x_label,x_value,y_value_50,y_value_20,y_value_80,extra_benchmark_config_str,gpu_name,timestamp,liger_version
fused_moe,liger,full,speed,ms,T,num_tokens,128,24.2260799407959,24.2260799407959,24.2260799407959,"{""sweep_dim"": ""T"", ""T"": null, ""E"": 128, ""H"": 2048, ""intermediate_dim"": 768, ""K"": 8, ""dtype"": ""torch.bfloat16""}",Ascend910,2026-06-15 16:52:28,0.8.0
fused_moe,liger,full,speed,ms,T,num_tokens,256,24.406299591064453,24.406299591064453,24.406299591064453,"{""sweep_dim"": ""T"", ""T"": null, ""E"": 128, ""H"": 2048, ""intermediate_dim"": 768, ""K"": 8, ""dtype"": ""torch.bfloat16""}",Ascend910,2026-06-15 16:52:28,0.8.0
fused_moe,liger,full,speed,ms,T,num_tokens,512,26.672840118408203,26.672840118408203,26.672840118408203,"{""sweep_dim"": ""T"", ""T"": null, ""E"": 128, ""H"": 2048, ""intermediate_dim"": 768, ""K"": 8, ""dtype"": ""torch.bfloat16""}",Ascend910,2026-06-15 16:52:28,0.8.0
fused_moe,liger,full,speed,ms,T,num_tokens,1024,32.13005828857422,32.13005828857422,32.13005828857422,"{""sweep_dim"": ""T"", ""T"": null, ""E"": 128, ""H"": 2048, ""intermediate_dim"": 768, ""K"": 8, ""dtype"": ""torch.bfloat16""}",Ascend910,2026-06-15 16:52:28,0.8.0
fused_moe,liger,full,speed,ms,T,num_tokens,2048,45.28691864013672,45.28691864013672,45.28691864013672,"{""sweep_dim"": ""T"", ""T"": null, ""E"": 128, ""H"": 2048, ""intermediate_dim"": 768, ""K"": 8, ""dtype"": ""torch.bfloat16""}",Ascend910,2026-06-15 16:52:28,0.8.0
fused_moe,liger,full,speed,ms,T,num_tokens,4096,64.93482208251953,64.93482208251953,64.93482208251953,"{""sweep_dim"": ""T"", ""T"": null, ""E"": 128, ""H"": 2048, ""intermediate_dim"": 768, ""K"": 8, ""dtype"": ""torch.bfloat16""}",Ascend910,2026-06-15 16:52:28,0.8.0
fused_moe,liger,full,speed,ms,T,num_tokens,8192,114.90508270263672,114.90508270263672,114.90508270263672,"{""sweep_dim"": ""T"", ""T"": null, ""E"": 128, ""H"": 2048, ""intermediate_dim"": 768, ""K"": 8, ""dtype"": ""torch.bfloat16""}",Ascend910,2026-06-15 16:52:28,0.8.0
fused_moe,liger,full,speed,ms,T,num_tokens,16384,209.3072052001953,209.3072052001953,209.3072052001953,"{""sweep_dim"": ""T"", ""T"": null, ""E"": 128, ""H"": 2048, ""intermediate_dim"": 768, ""K"": 8, ""dtype"": ""torch.bfloat16""}",Ascend910,2026-06-15 16:52:28,0.8.0
fused_moe,liger,full,speed,ms,T,num_tokens,32768,402.52435302734375,402.52435302734375,402.52435302734375,"{""sweep_dim"": ""T"", ""T"": null, ""E"": 128, ""H"": 2048, ""intermediate_dim"": 768, ""K"": 8, ""dtype"": ""torch.bfloat16""}",Ascend910,2026-06-15 16:52:28,0.8.0
fused_moe,huggingface,full,speed,ms,T,num_tokens,128,614.2005615234375,614.2005615234375,614.2005615234375,"{""sweep_dim"": ""T"", ""T"": null, ""E"": 128, ""H"": 2048, ""intermediate_dim"": 768, ""K"": 8, ""dtype"": ""torch.bfloat16""}",Ascend910,2026-06-15 16:53:21,0.8.0
fused_moe,huggingface,full,speed,ms,T,num_tokens,256,605.2297973632812,605.2297973632812,605.2297973632812,"{""sweep_dim"": ""T"", ""T"": null, ""E"": 128, ""H"": 2048, ""intermediate_dim"": 768, ""K"": 8, ""dtype"": ""torch.bfloat16""}",Ascend910,2026-06-15 16:53:21,0.8.0
fused_moe,huggingface,full,speed,ms,T,num_tokens,512,620.3339233398438,620.3339233398438,620.3339233398438,"{""sweep_dim"": ""T"", ""T"": null, ""E"": 128, ""H"": 2048, ""intermediate_dim"": 768, ""K"": 8, ""dtype"": ""torch.bfloat16""}",Ascend910,2026-06-15 16:53:21,0.8.0
fused_moe,huggingface,full,speed,ms,T,num_tokens,1024,631.4652709960938,631.4652709960938,631.4652709960938,"{""sweep_dim"": ""T"", ""T"": null, ""E"": 128, ""H"": 2048, ""intermediate_dim"": 768, ""K"": 8, ""dtype"": ""torch.bfloat16""}",Ascend910,2026-06-15 16:53:21,0.8.0
fused_moe,huggingface,full,speed,ms,T,num_tokens,2048,650.7634887695312,650.7634887695312,650.7634887695312,"{""sweep_dim"": ""T"", ""T"": null, ""E"": 128, ""H"": 2048, ""intermediate_dim"": 768, ""K"": 8, ""dtype"": ""torch.bfloat16""}",Ascend910,2026-06-15 16:53:21,0.8.0
fused_moe,huggingface,full,speed,ms,T,num_tokens,4096,682.6630249023438,682.6630249023438,682.6630249023438,"{""sweep_dim"": ""T"", ""T"": null, ""E"": 128, ""H"": 2048, ""intermediate_dim"": 768, ""K"": 8, ""dtype"": ""torch.bfloat16""}",Ascend910,2026-06-15 16:53:21,0.8.0
fused_moe,huggingface,full,speed,ms,T,num_tokens,8192,742.0543823242188,742.0543823242188,742.0543823242188,"{""sweep_dim"": ""T"", ""T"": null, ""E"": 128, ""H"": 2048, ""intermediate_dim"": 768, ""K"": 8, ""dtype"": ""torch.bfloat16""}",Ascend910,2026-06-15 16:53:21,0.8.0
fused_moe,huggingface,full,speed,ms,T,num_tokens,16384,870.208984375,870.208984375,870.208984375,"{""sweep_dim"": ""T"", ""T"": null, ""E"": 128, ""H"": 2048, ""intermediate_dim"": 768, ""K"": 8, ""dtype"": ""torch.bfloat16""}",Ascend910,2026-06-15 16:53:21,0.8.0
fused_moe,huggingface,full,speed,ms,T,num_tokens,32768,1020.9353637695312,1020.9353637695312,1020.9353637695312,"{""sweep_dim"": ""T"", ""T"": null, ""E"": 128, ""H"": 2048, ""intermediate_dim"": 768, ""K"": 8, ""dtype"": ""torch.bfloat16""}",Ascend910,2026-06-15 16:53:21,0.8.0
fused_moe,liger,forward,speed,ms,T,num_tokens,128,11.598660469055176,11.598660469055176,11.598660469055176,"{""sweep_dim"": ""T"", ""T"": null, ""E"": 128, ""H"": 2048, ""intermediate_dim"": 768, ""K"": 8, ""dtype"": ""torch.bfloat16""}",Ascend910,2026-06-15 16:53:25,0.8.0
fused_moe,liger,forward,speed,ms,T,num_tokens,256,11.64408016204834,11.64408016204834,11.64408016204834,"{""sweep_dim"": ""T"", ""T"": null, ""E"": 128, ""H"": 2048, ""intermediate_dim"": 768, ""K"": 8, ""dtype"": ""torch.bfloat16""}",Ascend910,2026-06-15 16:53:25,0.8.0
fused_moe,liger,forward,speed,ms,T,num_tokens,512,12.794380187988281,12.794380187988281,12.794380187988281,"{""sweep_dim"": ""T"", ""T"": null, ""E"": 128, ""H"": 2048, ""intermediate_dim"": 768, ""K"": 8, ""dtype"": ""torch.bfloat16""}",Ascend910,2026-06-15 16:53:25,0.8.0
fused_moe,liger,forward,speed,ms,T,num_tokens,1024,15.232760429382324,15.232760429382324,15.232760429382324,"{""sweep_dim"": ""T"", ""T"": null, ""E"": 128, ""H"": 2048, ""intermediate_dim"": 768, ""K"": 8, ""dtype"": ""torch.bfloat16""}",Ascend910,2026-06-15 16:53:25,0.8.0
fused_moe,liger,forward,speed,ms,T,num_tokens,2048,20.362159729003906,20.362159729003906,20.362159729003906,"{""sweep_dim"": ""T"", ""T"": null, ""E"": 128, ""H"": 2048, ""intermediate_dim"": 768, ""K"": 8, ""dtype"": ""torch.bfloat16""}",Ascend910,2026-06-15 16:53:25,0.8.0
fused_moe,liger,forward,speed,ms,T,num_tokens,4096,30.140480041503906,30.140480041503906,30.140480041503906,"{""sweep_dim"": ""T"", ""T"": null, ""E"": 128, ""H"": 2048, ""intermediate_dim"": 768, ""K"": 8, ""dtype"": ""torch.bfloat16""}",Ascend910,2026-06-15 16:53:25,0.8.0
fused_moe,liger,forward,speed,ms,T,num_tokens,8192,58.95262145996094,58.95262145996094,58.95262145996094,"{""sweep_dim"": ""T"", ""T"": null, ""E"": 128, ""H"": 2048, ""intermediate_dim"": 768, ""K"": 8, ""dtype"": ""torch.bfloat16""}",Ascend910,2026-06-15 16:53:25,0.8.0
fused_moe,liger,forward,speed,ms,T,num_tokens,16384,106.81562042236328,106.81562042236328,106.81562042236328,"{""sweep_dim"": ""T"", ""T"": null, ""E"": 128, ""H"": 2048, ""intermediate_dim"": 768, ""K"": 8, ""dtype"": ""torch.bfloat16""}",Ascend910,2026-06-15 16:53:25,0.8.0
fused_moe,liger,forward,speed,ms,T,num_tokens,32768,211.2694549560547,211.2694549560547,211.2694549560547,"{""sweep_dim"": ""T"", ""T"": null, ""E"": 128, ""H"": 2048, ""intermediate_dim"": 768, ""K"": 8, ""dtype"": ""torch.bfloat16""}",Ascend910,2026-06-15 16:53:25,0.8.0
fused_moe,huggingface,forward,speed,ms,T,num_tokens,128,59.47093963623047,59.47093963623047,59.47093963623047,"{""sweep_dim"": ""T"", ""T"": null, ""E"": 128, ""H"": 2048, ""intermediate_dim"": 768, ""K"": 8, ""dtype"": ""torch.bfloat16""}",Ascend910,2026-06-15 16:53:34,0.8.0
fused_moe,huggingface,forward,speed,ms,T,num_tokens,256,54.06142044067383,54.06142044067383,54.06142044067383,"{""sweep_dim"": ""T"", ""T"": null, ""E"": 128, ""H"": 2048, ""intermediate_dim"": 768, ""K"": 8, ""dtype"": ""torch.bfloat16""}",Ascend910,2026-06-15 16:53:34,0.8.0
fused_moe,huggingface,forward,speed,ms,T,num_tokens,512,57.88125991821289,57.88125991821289,57.88125991821289,"{""sweep_dim"": ""T"", ""T"": null, ""E"": 128, ""H"": 2048, ""intermediate_dim"": 768, ""K"": 8, ""dtype"": ""torch.bfloat16""}",Ascend910,2026-06-15 16:53:34,0.8.0
fused_moe,huggingface,forward,speed,ms,T,num_tokens,1024,61.93592071533203,61.93592071533203,61.93592071533203,"{""sweep_dim"": ""T"", ""T"": null, ""E"": 128, ""H"": 2048, ""intermediate_dim"": 768, ""K"": 8, ""dtype"": ""torch.bfloat16""}",Ascend910,2026-06-15 16:53:34,0.8.0
fused_moe,huggingface,forward,speed,ms,T,num_tokens,2048,72.76473999023438,72.76473999023438,72.76473999023438,"{""sweep_dim"": ""T"", ""T"": null, ""E"": 128, ""H"": 2048, ""intermediate_dim"": 768, ""K"": 8, ""dtype"": ""torch.bfloat16""}",Ascend910,2026-06-15 16:53:34,0.8.0
fused_moe,huggingface,forward,speed,ms,T,num_tokens,4096,92.07759857177734,92.07759857177734,92.07759857177734,"{""sweep_dim"": ""T"", ""T"": null, ""E"": 128, ""H"": 2048, ""intermediate_dim"": 768, ""K"": 8, ""dtype"": ""torch.bfloat16""}",Ascend910,2026-06-15 16:53:34,0.8.0
fused_moe,huggingface,forward,speed,ms,T,num_tokens,8192,126.8564224243164,126.8564224243164,126.8564224243164,"{""sweep_dim"": ""T"", ""T"": null, ""E"": 128, ""H"": 2048, ""intermediate_dim"": 768, ""K"": 8, ""dtype"": ""torch.bfloat16""}",Ascend910,2026-06-15 16:53:34,0.8.0
fused_moe,huggingface,forward,speed,ms,T,num_tokens,16384,189.77383422851562,189.77383422851562,189.77383422851562,"{""sweep_dim"": ""T"", ""T"": null, ""E"": 128, ""H"": 2048, ""intermediate_dim"": 768, ""K"": 8, ""dtype"": ""torch.bfloat16""}",Ascend910,2026-06-15 16:53:34,0.8.0
fused_moe,huggingface,forward,speed,ms,T,num_tokens,32768,300.4363098144531,300.4363098144531,300.4363098144531,"{""sweep_dim"": ""T"", ""T"": null, ""E"": 128, ""H"": 2048, ""intermediate_dim"": 768, ""K"": 8, ""dtype"": ""torch.bfloat16""}",Ascend910,2026-06-15 16:53:34,0.8.0
fused_moe,liger,backward,speed,ms,T,num_tokens,128,13.411959648132324,13.411959648132324,13.411959648132324,"{""sweep_dim"": ""T"", ""T"": null, ""E"": 128, ""H"": 2048, ""intermediate_dim"": 768, ""K"": 8, ""dtype"": ""torch.bfloat16""}",Ascend910,2026-06-15 16:53:39,0.8.0
fused_moe,liger,backward,speed,ms,T,num_tokens,256,13.442179679870605,13.442179679870605,13.442179679870605,"{""sweep_dim"": ""T"", ""T"": null, ""E"": 128, ""H"": 2048, ""intermediate_dim"": 768, ""K"": 8, ""dtype"": ""torch.bfloat16""}",Ascend910,2026-06-15 16:53:39,0.8.0
fused_moe,liger,backward,speed,ms,T,num_tokens,512,14.299420356750488,14.299420356750488,14.299420356750488,"{""sweep_dim"": ""T"", ""T"": null, ""E"": 128, ""H"": 2048, ""intermediate_dim"": 768, ""K"": 8, ""dtype"": ""torch.bfloat16""}",Ascend910,2026-06-15 16:53:39,0.8.0
fused_moe,liger,backward,speed,ms,T,num_tokens,1024,16.91506004333496,16.91506004333496,16.91506004333496,"{""sweep_dim"": ""T"", ""T"": null, ""E"": 128, ""H"": 2048, ""intermediate_dim"": 768, ""K"": 8, ""dtype"": ""torch.bfloat16""}",Ascend910,2026-06-15 16:53:39,0.8.0
fused_moe,liger,backward,speed,ms,T,num_tokens,2048,24.477020263671875,24.477020263671875,24.477020263671875,"{""sweep_dim"": ""T"", ""T"": null, ""E"": 128, ""H"": 2048, ""intermediate_dim"": 768, ""K"": 8, ""dtype"": ""torch.bfloat16""}",Ascend910,2026-06-15 16:53:39,0.8.0
fused_moe,liger,backward,speed,ms,T,num_tokens,4096,33.986881256103516,33.986881256103516,33.986881256103516,"{""sweep_dim"": ""T"", ""T"": null, ""E"": 128, ""H"": 2048, ""intermediate_dim"": 768, ""K"": 8, ""dtype"": ""torch.bfloat16""}",Ascend910,2026-06-15 16:53:39,0.8.0
fused_moe,liger,backward,speed,ms,T,num_tokens,8192,54.66238021850586,54.66238021850586,54.66238021850586,"{""sweep_dim"": ""T"", ""T"": null, ""E"": 128, ""H"": 2048, ""intermediate_dim"": 768, ""K"": 8, ""dtype"": ""torch.bfloat16""}",Ascend910,2026-06-15 16:53:39,0.8.0
fused_moe,liger,backward,speed,ms,T,num_tokens,16384,99.5270004272461,99.5270004272461,99.5270004272461,"{""sweep_dim"": ""T"", ""T"": null, ""E"": 128, ""H"": 2048, ""intermediate_dim"": 768, ""K"": 8, ""dtype"": ""torch.bfloat16""}",Ascend910,2026-06-15 16:53:39,0.8.0
fused_moe,liger,backward,speed,ms,T,num_tokens,32768,184.58169555664062,184.58169555664062,184.58169555664062,"{""sweep_dim"": ""T"", ""T"": null, ""E"": 128, ""H"": 2048, ""intermediate_dim"": 768, ""K"": 8, ""dtype"": ""torch.bfloat16""}",Ascend910,2026-06-15 16:53:39,0.8.0
fused_moe,huggingface,backward,speed,ms,T,num_tokens,128,551.1448364257812,551.1448364257812,551.1448364257812,"{""sweep_dim"": ""T"", ""T"": null, ""E"": 128, ""H"": 2048, ""intermediate_dim"": 768, ""K"": 8, ""dtype"": ""torch.bfloat16""}",Ascend910,2026-06-15 16:54:23,0.8.0
fused_moe,huggingface,backward,speed,ms,T,num_tokens,256,554.1739501953125,554.1739501953125,554.1739501953125,"{""sweep_dim"": ""T"", ""T"": null, ""E"": 128, ""H"": 2048, ""intermediate_dim"": 768, ""K"": 8, ""dtype"": ""torch.bfloat16""}",Ascend910,2026-06-15 16:54:23,0.8.0
fused_moe,huggingface,backward,speed,ms,T,num_tokens,512,558.819091796875,558.819091796875,558.819091796875,"{""sweep_dim"": ""T"", ""T"": null, ""E"": 128, ""H"": 2048, ""intermediate_dim"": 768, ""K"": 8, ""dtype"": ""torch.bfloat16""}",Ascend910,2026-06-15 16:54:23,0.8.0
fused_moe,huggingface,backward,speed,ms,T,num_tokens,1024,565.6416625976562,565.6416625976562,565.6416625976562,"{""sweep_dim"": ""T"", ""T"": null, ""E"": 128, ""H"": 2048, ""intermediate_dim"": 768, ""K"": 8, ""dtype"": ""torch.bfloat16""}",Ascend910,2026-06-15 16:54:23,0.8.0
fused_moe,huggingface,backward,speed,ms,T,num_tokens,2048,573.4830932617188,573.4830932617188,573.4830932617188,"{""sweep_dim"": ""T"", ""T"": null, ""E"": 128, ""H"": 2048, ""intermediate_dim"": 768, ""K"": 8, ""dtype"": ""torch.bfloat16""}",Ascend910,2026-06-15 16:54:23,0.8.0
fused_moe,huggingface,backward,speed,ms,T,num_tokens,4096,589.7385864257812,589.7385864257812,589.7385864257812,"{""sweep_dim"": ""T"", ""T"": null, ""E"": 128, ""H"": 2048, ""intermediate_dim"": 768, ""K"": 8, ""dtype"": ""torch.bfloat16""}",Ascend910,2026-06-15 16:54:23,0.8.0
fused_moe,huggingface,backward,speed,ms,T,num_tokens,8192,614.6531982421875,614.6531982421875,614.6531982421875,"{""sweep_dim"": ""T"", ""T"": null, ""E"": 128, ""H"": 2048, ""intermediate_dim"": 768, ""K"": 8, ""dtype"": ""torch.bfloat16""}",Ascend910,2026-06-15 16:54:23,0.8.0
fused_moe,huggingface,backward,speed,ms,T,num_tokens,16384,672.8544311523438,672.8544311523438,672.8544311523438,"{""sweep_dim"": ""T"", ""T"": null, ""E"": 128, ""H"": 2048, ""intermediate_dim"": 768, ""K"": 8, ""dtype"": ""torch.bfloat16""}",Ascend910,2026-06-15 16:54:23,0.8.0
fused_moe,huggingface,backward,speed,ms,T,num_tokens,32768,711.4553833007812,711.4553833007812,711.4553833007812,"{""sweep_dim"": ""T"", ""T"": null, ""E"": 128, ""H"": 2048, ""intermediate_dim"": 768, ""K"": 8, ""dtype"": ""torch.bfloat16""}",Ascend910,2026-06-15 16:54:23,0.8.0
fused_moe,liger,full,memory,MB,T,num_tokens,128,4997.0322265625,4997.0322265625,4997.0322265625,"{""sweep_dim"": ""T"", ""T"": null, ""E"": 128, ""H"": 2048, ""intermediate_dim"": 768, ""K"": 8, ""dtype"": ""torch.bfloat16""}",Ascend910,2026-06-15 16:54:33,0.8.0
fused_moe,liger,full,memory,MB,T,num_tokens,256,5005.048828125,5005.048828125,5005.048828125,"{""sweep_dim"": ""T"", ""T"": null, ""E"": 128, ""H"": 2048, ""intermediate_dim"": 768, ""K"": 8, ""dtype"": ""torch.bfloat16""}",Ascend910,2026-06-15 16:54:33,0.8.0
fused_moe,liger,full,memory,MB,T,num_tokens,512,5012.0908203125,5012.0908203125,5012.0908203125,"{""sweep_dim"": ""T"", ""T"": null, ""E"": 128, ""H"": 2048, ""intermediate_dim"": 768, ""K"": 8, ""dtype"": ""torch.bfloat16""}",Ascend910,2026-06-15 16:54:33,0.8.0
fused_moe,liger,full,memory,MB,T,num_tokens,1024,5032.169921875,5032.169921875,5032.169921875,"{""sweep_dim"": ""T"", ""T"": null, ""E"": 128, ""H"": 2048, ""intermediate_dim"": 768, ""K"": 8, ""dtype"": ""torch.bfloat16""}",Ascend910,2026-06-15 16:54:33,0.8.0
fused_moe,liger,full,memory,MB,T,num_tokens,2048,5072.328125,5072.328125,5072.328125,"{""sweep_dim"": ""T"", ""T"": null, ""E"": 128, ""H"": 2048, ""intermediate_dim"": 768, ""K"": 8, ""dtype"": ""torch.bfloat16""}",Ascend910,2026-06-15 16:54:33,0.8.0
fused_moe,liger,full,memory,MB,T,num_tokens,4096,5168.70947265625,5168.70947265625,5168.70947265625,"{""sweep_dim"": ""T"", ""T"": null, ""E"": 128, ""H"": 2048, ""intermediate_dim"": 768, ""K"": 8, ""dtype"": ""torch.bfloat16""}",Ascend910,2026-06-15 16:54:33,0.8.0
fused_moe,liger,full,memory,MB,T,num_tokens,8192,5617.40478515625,5617.40478515625,5617.40478515625,"{""sweep_dim"": ""T"", ""T"": null, ""E"": 128, ""H"": 2048, ""intermediate_dim"": 768, ""K"": 8, ""dtype"": ""torch.bfloat16""}",Ascend910,2026-06-15 16:54:33,0.8.0
fused_moe,liger,full,memory,MB,T,num_tokens,16384,6514.79541015625,6514.79541015625,6514.79541015625,"{""sweep_dim"": ""T"", ""T"": null, ""E"": 128, ""H"": 2048, ""intermediate_dim"": 768, ""K"": 8, ""dtype"": ""torch.bfloat16""}",Ascend910,2026-06-15 16:54:33,0.8.0
fused_moe,liger,full,memory,MB,T,num_tokens,32768,8313.572265625,8313.572265625,8313.572265625,"{""sweep_dim"": ""T"", ""T"": null, ""E"": 128, ""H"": 2048, ""intermediate_dim"": 768, ""K"": 8, ""dtype"": ""torch.bfloat16""}",Ascend910,2026-06-15 16:54:33,0.8.0
fused_moe,huggingface,full,memory,MB,T,num_tokens,128,5405.087890625,5405.087890625,5405.087890625,"{""sweep_dim"": ""T"", ""T"": null, ""E"": 128, ""H"": 2048, ""intermediate_dim"": 768, ""K"": 8, ""dtype"": ""torch.bfloat16""}",Ascend910,2026-06-15 16:55:38,0.8.0
fused_moe,huggingface,full,memory,MB,T,num_tokens,256,5431.6328125,5431.6328125,5431.6328125,"{""sweep_dim"": ""T"", ""T"": null, ""E"": 128, ""H"": 2048, ""intermediate_dim"": 768, ""K"": 8, ""dtype"": ""torch.bfloat16""}",Ascend910,2026-06-15 16:55:38,0.8.0
fused_moe,huggingface,full,memory,MB,T,num_tokens,512,5472.73046875,5472.73046875,5472.73046875,"{""sweep_dim"": ""T"", ""T"": null, ""E"": 128, ""H"": 2048, ""intermediate_dim"": 768, ""K"": 8, ""dtype"": ""torch.bfloat16""}",Ascend910,2026-06-15 16:55:38,0.8.0
fused_moe,huggingface,full,memory,MB,T,num_tokens,1024,5562.9296875,5562.9296875,5562.9296875,"{""sweep_dim"": ""T"", ""T"": null, ""E"": 128, ""H"": 2048, ""intermediate_dim"": 768, ""K"": 8, ""dtype"": ""torch.bfloat16""}",Ascend910,2026-06-15 16:55:38,0.8.0
fused_moe,huggingface,full,memory,MB,T,num_tokens,2048,5743.27734375,5743.27734375,5743.27734375,"{""sweep_dim"": ""T"", ""T"": null, ""E"": 128, ""H"": 2048, ""intermediate_dim"": 768, ""K"": 8, ""dtype"": ""torch.bfloat16""}",Ascend910,2026-06-15 16:55:38,0.8.0
fused_moe,huggingface,full,memory,MB,T,num_tokens,4096,6112.7646484375,6112.7646484375,6112.7646484375,"{""sweep_dim"": ""T"", ""T"": null, ""E"": 128, ""H"": 2048, ""intermediate_dim"": 768, ""K"": 8, ""dtype"": ""torch.bfloat16""}",Ascend910,2026-06-15 16:55:38,0.8.0
fused_moe,huggingface,full,memory,MB,T,num_tokens,8192,6831.138671875,6831.138671875,6831.138671875,"{""sweep_dim"": ""T"", ""T"": null, ""E"": 128, ""H"": 2048, ""intermediate_dim"": 768, ""K"": 8, ""dtype"": ""torch.bfloat16""}",Ascend910,2026-06-15 16:55:38,0.8.0
fused_moe,huggingface,full,memory,MB,T,num_tokens,16384,8275.6865234375,8275.6865234375,8275.6865234375,"{""sweep_dim"": ""T"", ""T"": null, ""E"": 128, ""H"": 2048, ""intermediate_dim"": 768, ""K"": 8, ""dtype"": ""torch.bfloat16""}",Ascend910,2026-06-15 16:55:38,0.8.0
fused_moe,huggingface,full,memory,MB,T,num_tokens,32768,11158.310546875,11158.310546875,11158.310546875,"{""sweep_dim"": ""T"", ""T"": null, ""E"": 128, ""H"": 2048, ""intermediate_dim"": 768, ""K"": 8, ""dtype"": ""torch.bfloat16""}",Ascend910,2026-06-15 16:55:38,0.8.0
fused_moe,liger,forward,memory,MB,T,num_tokens,128,2316.52685546875,2316.52685546875,2316.52685546875,"{""sweep_dim"": ""T"", ""T"": null, ""E"": 128, ""H"": 2048, ""intermediate_dim"": 768, ""K"": 8, ""dtype"": ""torch.bfloat16""}",Ascend910,2026-06-15 16:55:43,0.8.0
fused_moe,liger,forward,memory,MB,T,num_tokens,256,2324.044921875,2324.044921875,2324.044921875,"{""sweep_dim"": ""T"", ""T"": null, ""E"": 128, ""H"": 2048, ""intermediate_dim"": 768, ""K"": 8, ""dtype"": ""torch.bfloat16""}",Ascend910,2026-06-15 16:55:43,0.8.0
fused_moe,liger,forward,memory,MB,T,num_tokens,512,2342.0810546875,2342.0810546875,2342.0810546875,"{""sweep_dim"": ""T"", ""T"": null, ""E"": 128, ""H"": 2048, ""intermediate_dim"": 768, ""K"": 8, ""dtype"": ""torch.bfloat16""}",Ascend910,2026-06-15 16:55:43,0.8.0
fused_moe,liger,forward,memory,MB,T,num_tokens,1024,2380.15234375,2380.15234375,2380.15234375,"{""sweep_dim"": ""T"", ""T"": null, ""E"": 128, ""H"": 2048, ""intermediate_dim"": 768, ""K"": 8, ""dtype"": ""torch.bfloat16""}",Ascend910,2026-06-15 16:55:43,0.8.0
fused_moe,liger,forward,memory,MB,T,num_tokens,2048,2456.294921875,2456.294921875,2456.294921875,"{""sweep_dim"": ""T"", ""T"": null, ""E"": 128, ""H"": 2048, ""intermediate_dim"": 768, ""K"": 8, ""dtype"": ""torch.bfloat16""}",Ascend910,2026-06-15 16:55:43,0.8.0
fused_moe,liger,forward,memory,MB,T,num_tokens,4096,2608.580078125,2608.580078125,2608.580078125,"{""sweep_dim"": ""T"", ""T"": null, ""E"": 128, ""H"": 2048, ""intermediate_dim"": 768, ""K"": 8, ""dtype"": ""torch.bfloat16""}",Ascend910,2026-06-15 16:55:43,0.8.0
fused_moe,liger,forward,memory,MB,T,num_tokens,8192,2913.150390625,2913.150390625,2913.150390625,"{""sweep_dim"": ""T"", ""T"": null, ""E"": 128, ""H"": 2048, ""intermediate_dim"": 768, ""K"": 8, ""dtype"": ""torch.bfloat16""}",Ascend910,2026-06-15 16:55:43,0.8.0
fused_moe,liger,forward,memory,MB,T,num_tokens,16384,3522.291015625,3522.291015625,3522.291015625,"{""sweep_dim"": ""T"", ""T"": null, ""E"": 128, ""H"": 2048, ""intermediate_dim"": 768, ""K"": 8, ""dtype"": ""torch.bfloat16""}",Ascend910,2026-06-15 16:55:43,0.8.0
fused_moe,liger,forward,memory,MB,T,num_tokens,32768,4744.568359375,4744.568359375,4744.568359375,"{""sweep_dim"": ""T"", ""T"": null, ""E"": 128, ""H"": 2048, ""intermediate_dim"": 768, ""K"": 8, ""dtype"": ""torch.bfloat16""}",Ascend910,2026-06-15 16:55:43,0.8.0
fused_moe,huggingface,forward,memory,MB,T,num_tokens,128,2343.51416015625,2343.51416015625,2343.51416015625,"{""sweep_dim"": ""T"", ""T"": null, ""E"": 128, ""H"": 2048, ""intermediate_dim"": 768, ""K"": 8, ""dtype"": ""torch.bfloat16""}",Ascend910,2026-06-15 16:55:54,0.8.0
fused_moe,huggingface,forward,memory,MB,T,num_tokens,256,2365.52001953125,2365.52001953125,2365.52001953125,"{""sweep_dim"": ""T"", ""T"": null, ""E"": 128, ""H"": 2048, ""intermediate_dim"": 768, ""K"": 8, ""dtype"": ""torch.bfloat16""}",Ascend910,2026-06-15 16:55:54,0.8.0
fused_moe,huggingface,forward,memory,MB,T,num_tokens,512,2408.53271484375,2408.53271484375,2408.53271484375,"{""sweep_dim"": ""T"", ""T"": null, ""E"": 128, ""H"": 2048, ""intermediate_dim"": 768, ""K"": 8, ""dtype"": ""torch.bfloat16""}",Ascend910,2026-06-15 16:55:54,0.8.0
fused_moe,huggingface,forward,memory,MB,T,num_tokens,1024,2496.556640625,2496.556640625,2496.556640625,"{""sweep_dim"": ""T"", ""T"": null, ""E"": 128, ""H"": 2048, ""intermediate_dim"": 768, ""K"": 8, ""dtype"": ""torch.bfloat16""}",Ascend910,2026-06-15 16:55:54,0.8.0
fused_moe,huggingface,forward,memory,MB,T,num_tokens,2048,2672.60546875,2672.60546875,2672.60546875,"{""sweep_dim"": ""T"", ""T"": null, ""E"": 128, ""H"": 2048, ""intermediate_dim"": 768, ""K"": 8, ""dtype"": ""torch.bfloat16""}",Ascend910,2026-06-15 16:55:54,0.8.0
fused_moe,huggingface,forward,memory,MB,T,num_tokens,4096,3030.6533203125,3030.6533203125,3030.6533203125,"{""sweep_dim"": ""T"", ""T"": null, ""E"": 128, ""H"": 2048, ""intermediate_dim"": 768, ""K"": 8, ""dtype"": ""torch.bfloat16""}",Ascend910,2026-06-15 16:55:54,0.8.0
fused_moe,huggingface,forward,memory,MB,T,num_tokens,8192,3734.49462890625,3734.49462890625,3734.49462890625,"{""sweep_dim"": ""T"", ""T"": null, ""E"": 128, ""H"": 2048, ""intermediate_dim"": 768, ""K"": 8, ""dtype"": ""torch.bfloat16""}",Ascend910,2026-06-15 16:55:54,0.8.0
fused_moe,huggingface,forward,memory,MB,T,num_tokens,16384,5141.1337890625,5141.1337890625,5141.1337890625,"{""sweep_dim"": ""T"", ""T"": null, ""E"": 128, ""H"": 2048, ""intermediate_dim"": 768, ""K"": 8, ""dtype"": ""torch.bfloat16""}",Ascend910,2026-06-15 16:55:54,0.8.0
fused_moe,huggingface,forward,memory,MB,T,num_tokens,32768,7956.51904296875,7956.51904296875,7956.51904296875,"{""sweep_dim"": ""T"", ""T"": null, ""E"": 128, ""H"": 2048, ""intermediate_dim"": 768, ""K"": 8, ""dtype"": ""torch.bfloat16""}",Ascend910,2026-06-15 16:55:54,0.8.0
fused_moe,liger,backward,memory,MB,T,num_tokens,128,4997.0322265625,4997.0322265625,4997.0322265625,"{""sweep_dim"": ""T"", ""T"": null, ""E"": 128, ""H"": 2048, ""intermediate_dim"": 768, ""K"": 8, ""dtype"": ""torch.bfloat16""}",Ascend910,2026-06-15 16:55:58,0.8.0
fused_moe,liger,backward,memory,MB,T,num_tokens,256,5005.048828125,5005.048828125,5005.048828125,"{""sweep_dim"": ""T"", ""T"": null, ""E"": 128, ""H"": 2048, ""intermediate_dim"": 768, ""K"": 8, ""dtype"": ""torch.bfloat16""}",Ascend910,2026-06-15 16:55:58,0.8.0
fused_moe,liger,backward,memory,MB,T,num_tokens,512,5012.0908203125,5012.0908203125,5012.0908203125,"{""sweep_dim"": ""T"", ""T"": null, ""E"": 128, ""H"": 2048, ""intermediate_dim"": 768, ""K"": 8, ""dtype"": ""torch.bfloat16""}",Ascend910,2026-06-15 16:55:58,0.8.0
fused_moe,liger,backward,memory,MB,T,num_tokens,1024,5032.169921875,5032.169921875,5032.169921875,"{""sweep_dim"": ""T"", ""T"": null, ""E"": 128, ""H"": 2048, ""intermediate_dim"": 768, ""K"": 8, ""dtype"": ""torch.bfloat16""}",Ascend910,2026-06-15 16:55:58,0.8.0
fused_moe,liger,backward,memory,MB,T,num_tokens,2048,5072.328125,5072.328125,5072.328125,"{""sweep_dim"": ""T"", ""T"": null, ""E"": 128, ""H"": 2048, ""intermediate_dim"": 768, ""K"": 8, ""dtype"": ""torch.bfloat16""}",Ascend910,2026-06-15 16:55:58,0.8.0
fused_moe,liger,backward,memory,MB,T,num_tokens,4096,5168.70947265625,5168.70947265625,5168.70947265625,"{""sweep_dim"": ""T"", ""T"": null, ""E"": 128, ""H"": 2048, ""intermediate_dim"": 768, ""K"": 8, ""dtype"": ""torch.bfloat16""}",Ascend910,2026-06-15 16:55:58,0.8.0
fused_moe,liger,backward,memory,MB,T,num_tokens,8192,5617.40478515625,5617.40478515625,5617.40478515625,"{""sweep_dim"": ""T"", ""T"": null, ""E"": 128, ""H"": 2048, ""intermediate_dim"": 768, ""K"": 8, ""dtype"": ""torch.bfloat16""}",Ascend910,2026-06-15 16:55:58,0.8.0
fused_moe,liger,backward,memory,MB,T,num_tokens,16384,6514.79541015625,6514.79541015625,6514.79541015625,"{""sweep_dim"": ""T"", ""T"": null, ""E"": 128, ""H"": 2048, ""intermediate_dim"": 768, ""K"": 8, ""dtype"": ""torch.bfloat16""}",Ascend910,2026-06-15 16:55:58,0.8.0
fused_moe,liger,backward,memory,MB,T,num_tokens,32768,8313.572265625,8313.572265625,8313.572265625,"{""sweep_dim"": ""T"", ""T"": null, ""E"": 128, ""H"": 2048, ""intermediate_dim"": 768, ""K"": 8, ""dtype"": ""torch.bfloat16""}",Ascend910,2026-06-15 16:55:58,0.8.0
fused_moe,huggingface,backward,memory,MB,T,num_tokens,128,5405.087890625,5405.087890625,5405.087890625,"{""sweep_dim"": ""T"", ""T"": null, ""E"": 128, ""H"": 2048, ""intermediate_dim"": 768, ""K"": 8, ""dtype"": ""torch.bfloat16""}",Ascend910,2026-06-15 16:56:54,0.8.0
fused_moe,huggingface,backward,memory,MB,T,num_tokens,256,5431.6328125,5431.6328125,5431.6328125,"{""sweep_dim"": ""T"", ""T"": null, ""E"": 128, ""H"": 2048, ""intermediate_dim"": 768, ""K"": 8, ""dtype"": ""torch.bfloat16""}",Ascend910,2026-06-15 16:56:54,0.8.0
fused_moe,huggingface,backward,memory,MB,T,num_tokens,512,5472.73046875,5472.73046875,5472.73046875,"{""sweep_dim"": ""T"", ""T"": null, ""E"": 128, ""H"": 2048, ""intermediate_dim"": 768, ""K"": 8, ""dtype"": ""torch.bfloat16""}",Ascend910,2026-06-15 16:56:54,0.8.0
fused_moe,huggingface,backward,memory,MB,T,num_tokens,1024,5562.9296875,5562.9296875,5562.9296875,"{""sweep_dim"": ""T"", ""T"": null, ""E"": 128, ""H"": 2048, ""intermediate_dim"": 768, ""K"": 8, ""dtype"": ""torch.bfloat16""}",Ascend910,2026-06-15 16:56:54,0.8.0
fused_moe,huggingface,backward,memory,MB,T,num_tokens,2048,5743.27734375,5743.27734375,5743.27734375,"{""sweep_dim"": ""T"", ""T"": null, ""E"": 128, ""H"": 2048, ""intermediate_dim"": 768, ""K"": 8, ""dtype"": ""torch.bfloat16""}",Ascend910,2026-06-15 16:56:54,0.8.0
fused_moe,huggingface,backward,memory,MB,T,num_tokens,4096,6110.77490234375,6110.77490234375,6110.77490234375,"{""sweep_dim"": ""T"", ""T"": null, ""E"": 128, ""H"": 2048, ""intermediate_dim"": 768, ""K"": 8, ""dtype"": ""torch.bfloat16""}",Ascend910,2026-06-15 16:56:54,0.8.0
fused_moe,huggingface,backward,memory,MB,T,num_tokens,8192,6831.17919921875,6831.17919921875,6831.17919921875,"{""sweep_dim"": ""T"", ""T"": null, ""E"": 128, ""H"": 2048, ""intermediate_dim"": 768, ""K"": 8, ""dtype"": ""torch.bfloat16""}",Ascend910,2026-06-15 16:56:54,0.8.0
fused_moe,huggingface,backward,memory,MB,T,num_tokens,16384,8271.9609375,8271.9609375,8271.9609375,"{""sweep_dim"": ""T"", ""T"": null, ""E"": 128, ""H"": 2048, ""intermediate_dim"": 768, ""K"": 8, ""dtype"": ""torch.bfloat16""}",Ascend910,2026-06-15 16:56:54,0.8.0
fused_moe,huggingface,backward,memory,MB,T,num_tokens,32768,11155.912109375,11155.912109375,11155.912109375,"{""sweep_dim"": ""T"", ""T"": null, ""E"": 128, ""H"": 2048, ""intermediate_dim"": 768, ""K"": 8, ""dtype"": ""torch.bfloat16""}",Ascend910,2026-06-15 16:56:54,0.8.0
fused_linear_cross_entropy,torch,forward,speed,ms,BT,total tokens,1024,4.6256103515625,4.616412162780762,4.63480806350708,"{""hidden_size"": 4096, ""vocab_size"": 128256, ""dtype"": ""torch.bfloat16"", ""eps"": 1e-06, ""bsz"": 1, ""seq_len"": 8192}",Ascend910,2026-06-15 16:58:09,0.8.0
fused_linear_cross_entropy,torch,forward,speed,ms,BT,total tokens,2048,8.684100151062012,8.684100151062012,8.684100151062012,"{""hidden_size"": 4096, ""vocab_size"": 128256, ""dtype"": ""torch.bfloat16"", ""eps"": 1e-06, ""bsz"": 1, ""seq_len"": 8192}",Ascend910,2026-06-15 16:58:09,0.8.0
fused_linear_cross_entropy,torch,forward,speed,ms,BT,total tokens,4096,16.993560791015625,16.993560791015625,16.993560791015625,"{""hidden_size"": 4096, ""vocab_size"": 128256, ""dtype"": ""torch.bfloat16"", ""eps"": 1e-06, ""bsz"": 1, ""seq_len"": 8192}",Ascend910,2026-06-15 16:58:09,0.8.0
fused_linear_cross_entropy,torch,forward,speed,ms,BT,total tokens,8192,33.243099212646484,33.243099212646484,33.243099212646484,"{""hidden_size"": 4096, ""vocab_size"": 128256, ""dtype"": ""torch.bfloat16"", ""eps"": 1e-06, ""bsz"": 1, ""seq_len"": 8192}",Ascend910,2026-06-15 16:58:09,0.8.0
fused_linear_cross_entropy,liger,forward,speed,ms,BT,total tokens,1024,4.123539924621582,4.117635726928711,4.129444122314453,"{""hidden_size"": 4096, ""vocab_size"": 128256, ""dtype"": ""torch.bfloat16"", ""eps"": 1e-06, ""bsz"": 1, ""seq_len"": 8192}",Ascend910,2026-06-15 16:58:20,0.8.0
fused_linear_cross_entropy,liger,forward,speed,ms,BT,total tokens,2048,7.855639934539795,7.855639934539795,7.855639934539795,"{""hidden_size"": 4096, ""vocab_size"": 128256, ""dtype"": ""torch.bfloat16"", ""eps"": 1e-06, ""bsz"": 1, ""seq_len"": 8192}",Ascend910,2026-06-15 16:58:20,0.8.0
fused_linear_cross_entropy,liger,forward,speed,ms,BT,total tokens,4096,15.45598030090332,15.45598030090332,15.45598030090332,"{""hidden_size"": 4096, ""vocab_size"": 128256, ""dtype"": ""torch.bfloat16"", ""eps"": 1e-06, ""bsz"": 1, ""seq_len"": 8192}",Ascend910,2026-06-15 16:58:20,0.8.0
fused_linear_cross_entropy,liger,forward,speed,ms,BT,total tokens,8192,30.16781997680664,30.16781997680664,30.16781997680664,"{""hidden_size"": 4096, ""vocab_size"": 128256, ""dtype"": ""torch.bfloat16"", ""eps"": 1e-06, ""bsz"": 1, ""seq_len"": 8192}",Ascend910,2026-06-15 16:58:20,0.8.0
fused_linear_cross_entropy,liger-fp32-accum,forward,speed,ms,BT,total tokens,1024,4.113570213317871,4.113336086273193,4.113803863525391,"{""hidden_size"": 4096, ""vocab_size"": 128256, ""dtype"": ""torch.bfloat16"", ""eps"": 1e-06, ""bsz"": 1, ""seq_len"": 8192}",Ascend910,2026-06-15 16:58:31,0.8.0
fused_linear_cross_entropy,liger-fp32-accum,forward,speed,ms,BT,total tokens,2048,7.861000061035156,7.861000061035156,7.861000061035156,"{""hidden_size"": 4096, ""vocab_size"": 128256, ""dtype"": ""torch.bfloat16"", ""eps"": 1e-06, ""bsz"": 1, ""seq_len"": 8192}",Ascend910,2026-06-15 16:58:31,0.8.0
fused_linear_cross_entropy,liger-fp32-accum,forward,speed,ms,BT,total tokens,4096,15.46697998046875,15.46697998046875,15.46697998046875,"{""hidden_size"": 4096, ""vocab_size"": 128256, ""dtype"": ""torch.bfloat16"", ""eps"": 1e-06, ""bsz"": 1, ""seq_len"": 8192}",Ascend910,2026-06-15 16:58:31,0.8.0
fused_linear_cross_entropy,liger-fp32-accum,forward,speed,ms,BT,total tokens,8192,30.499900817871094,30.499900817871094,30.499900817871094,"{""hidden_size"": 4096, ""vocab_size"": 128256, ""dtype"": ""torch.bfloat16"", ""eps"": 1e-06, ""bsz"": 1, ""seq_len"": 8192}",Ascend910,2026-06-15 16:58:31,0.8.0
fused_linear_cross_entropy,torch,backward,speed,ms,BT,total tokens,1024,15.854700088500977,15.854700088500977,15.854700088500977,"{""hidden_size"": 4096, ""vocab_size"": 128256, ""dtype"": ""torch.bfloat16"", ""eps"": 1e-06, ""bsz"": 1, ""seq_len"": 8192}",Ascend910,2026-06-15 16:58:43,0.8.0
fused_linear_cross_entropy,torch,backward,speed,ms,BT,total tokens,2048,24.21101951599121,24.21101951599121,24.21101951599121,"{""hidden_size"": 4096, ""vocab_size"": 128256, ""dtype"": ""torch.bfloat16"", ""eps"": 1e-06, ""bsz"": 1, ""seq_len"": 8192}",Ascend910,2026-06-15 16:58:43,0.8.0
fused_linear_cross_entropy,torch,backward,speed,ms,BT,total tokens,4096,42.3544807434082,42.3544807434082,42.3544807434082,"{""hidden_size"": 4096, ""vocab_size"": 128256, ""dtype"": ""torch.bfloat16"", ""eps"": 1e-06, ""bsz"": 1, ""seq_len"": 8192}",Ascend910,2026-06-15 16:58:43,0.8.0
fused_linear_cross_entropy,torch,backward,speed,ms,BT,total tokens,8192,82.23178100585938,82.23178100585938,82.23178100585938,"{""hidden_size"": 4096, ""vocab_size"": 128256, ""dtype"": ""torch.bfloat16"", ""eps"": 1e-06, ""bsz"": 1, ""seq_len"": 8192}",Ascend910,2026-06-15 16:58:43,0.8.0
fused_linear_cross_entropy,liger,backward,speed,ms,BT,total tokens,1024,14.081279754638672,14.081279754638672,14.081279754638672,"{""hidden_size"": 4096, ""vocab_size"": 128256, ""dtype"": ""torch.bfloat16"", ""eps"": 1e-06, ""bsz"": 1, ""seq_len"": 8192}",Ascend910,2026-06-15 16:58:55,0.8.0
fused_linear_cross_entropy,liger,backward,speed,ms,BT,total tokens,2048,21.941360473632812,21.941360473632812,21.941360473632812,"{""hidden_size"": 4096, ""vocab_size"": 128256, ""dtype"": ""torch.bfloat16"", ""eps"": 1e-06, ""bsz"": 1, ""seq_len"": 8192}",Ascend910,2026-06-15 16:58:55,0.8.0
fused_linear_cross_entropy,liger,backward,speed,ms,BT,total tokens,4096,39.02962112426758,39.02962112426758,39.02962112426758,"{""hidden_size"": 4096, ""vocab_size"": 128256, ""dtype"": ""torch.bfloat16"", ""eps"": 1e-06, ""bsz"": 1, ""seq_len"": 8192}",Ascend910,2026-06-15 16:58:55,0.8.0
fused_linear_cross_entropy,liger,backward,speed,ms,BT,total tokens,8192,76.62934112548828,76.62934112548828,76.62934112548828,"{""hidden_size"": 4096, ""vocab_size"": 128256, ""dtype"": ""torch.bfloat16"", ""eps"": 1e-06, ""bsz"": 1, ""seq_len"": 8192}",Ascend910,2026-06-15 16:58:55,0.8.0
fused_linear_cross_entropy,liger-fp32-accum,backward,speed,ms,BT,total tokens,1024,14.086380004882812,14.086380004882812,14.086380004882812,"{""hidden_size"": 4096, ""vocab_size"": 128256, ""dtype"": ""torch.bfloat16"", ""eps"": 1e-06, ""bsz"": 1, ""seq_len"": 8192}",Ascend910,2026-06-15 16:59:06,0.8.0
fused_linear_cross_entropy,liger-fp32-accum,backward,speed,ms,BT,total tokens,2048,21.915639877319336,21.915639877319336,21.915639877319336,"{""hidden_size"": 4096, ""vocab_size"": 128256, ""dtype"": ""torch.bfloat16"", ""eps"": 1e-06, ""bsz"": 1, ""seq_len"": 8192}",Ascend910,2026-06-15 16:59:06,0.8.0
fused_linear_cross_entropy,liger-fp32-accum,backward,speed,ms,BT,total tokens,4096,39.07276153564453,39.07276153564453,39.07276153564453,"{""hidden_size"": 4096, ""vocab_size"": 128256, ""dtype"": ""torch.bfloat16"", ""eps"": 1e-06, ""bsz"": 1, ""seq_len"": 8192}",Ascend910,2026-06-15 16:59:06,0.8.0
fused_linear_cross_entropy,liger-fp32-accum,backward,speed,ms,BT,total tokens,8192,76.54625701904297,76.54625701904297,76.54625701904297,"{""hidden_size"": 4096, ""vocab_size"": 128256, ""dtype"": ""torch.bfloat16"", ""eps"": 1e-06, ""bsz"": 1, ""seq_len"": 8192}",Ascend910,2026-06-15 16:59:06,0.8.0
fused_linear_cross_entropy,torch,full,speed,ms,BT,total tokens,1024,20.415180206298828,20.415180206298828,20.415180206298828,"{""hidden_size"": 4096, ""vocab_size"": 128256, ""dtype"": ""torch.bfloat16"", ""eps"": 1e-06, ""bsz"": 1, ""seq_len"": 8192}",Ascend910,2026-06-15 16:59:18,0.8.0
fused_linear_cross_entropy,torch,full,speed,ms,BT,total tokens,2048,32.89411926269531,32.89411926269531,32.89411926269531,"{""hidden_size"": 4096, ""vocab_size"": 128256, ""dtype"": ""torch.bfloat16"", ""eps"": 1e-06, ""bsz"": 1, ""seq_len"": 8192}",Ascend910,2026-06-15 16:59:18,0.8.0
fused_linear_cross_entropy,torch,full,speed,ms,BT,total tokens,4096,59.27397918701172,59.27397918701172,59.27397918701172,"{""hidden_size"": 4096, ""vocab_size"": 128256, ""dtype"": ""torch.bfloat16"", ""eps"": 1e-06, ""bsz"": 1, ""seq_len"": 8192}",Ascend910,2026-06-15 16:59:18,0.8.0
fused_linear_cross_entropy,torch,full,speed,ms,BT,total tokens,8192,115.54676055908203,115.54676055908203,115.54676055908203,"{""hidden_size"": 4096, ""vocab_size"": 128256, ""dtype"": ""torch.bfloat16"", ""eps"": 1e-06, ""bsz"": 1, ""seq_len"": 8192}",Ascend910,2026-06-15 16:59:18,0.8.0
fused_linear_cross_entropy,liger,full,speed,ms,BT,total tokens,1024,18.08131980895996,18.08131980895996,18.08131980895996,"{""hidden_size"": 4096, ""vocab_size"": 128256, ""dtype"": ""torch.bfloat16"", ""eps"": 1e-06, ""bsz"": 1, ""seq_len"": 8192}",Ascend910,2026-06-15 16:59:30,0.8.0
fused_linear_cross_entropy,liger,full,speed,ms,BT,total tokens,2048,29.670120239257812,29.670120239257812,29.670120239257812,"{""hidden_size"": 4096, ""vocab_size"": 128256, ""dtype"": ""torch.bfloat16"", ""eps"": 1e-06, ""bsz"": 1, ""seq_len"": 8192}",Ascend910,2026-06-15 16:59:30,0.8.0
fused_linear_cross_entropy,liger,full,speed,ms,BT,total tokens,4096,54.39577865600586,54.39577865600586,54.39577865600586,"{""hidden_size"": 4096, ""vocab_size"": 128256, ""dtype"": ""torch.bfloat16"", ""eps"": 1e-06, ""bsz"": 1, ""seq_len"": 8192}",Ascend910,2026-06-15 16:59:30,0.8.0
fused_linear_cross_entropy,liger,full,speed,ms,BT,total tokens,8192,106.76210021972656,106.76210021972656,106.76210021972656,"{""hidden_size"": 4096, ""vocab_size"": 128256, ""dtype"": ""torch.bfloat16"", ""eps"": 1e-06, ""bsz"": 1, ""seq_len"": 8192}",Ascend910,2026-06-15 16:59:30,0.8.0
fused_linear_cross_entropy,liger-fp32-accum,full,speed,ms,BT,total tokens,1024,18.07822036743164,18.07822036743164,18.07822036743164,"{""hidden_size"": 4096, ""vocab_size"": 128256, ""dtype"": ""torch.bfloat16"", ""eps"": 1e-06, ""bsz"": 1, ""seq_len"": 8192}",Ascend910,2026-06-15 16:59:42,0.8.0
fused_linear_cross_entropy,liger-fp32-accum,full,speed,ms,BT,total tokens,2048,29.64113998413086,29.64113998413086,29.64113998413086,"{""hidden_size"": 4096, ""vocab_size"": 128256, ""dtype"": ""torch.bfloat16"", ""eps"": 1e-06, ""bsz"": 1, ""seq_len"": 8192}",Ascend910,2026-06-15 16:59:42,0.8.0
fused_linear_cross_entropy,liger-fp32-accum,full,speed,ms,BT,total tokens,4096,54.405540466308594,54.405540466308594,54.405540466308594,"{""hidden_size"": 4096, ""vocab_size"": 128256, ""dtype"": ""torch.bfloat16"", ""eps"": 1e-06, ""bsz"": 1, ""seq_len"": 8192}",Ascend910,2026-06-15 16:59:42,0.8.0
fused_linear_cross_entropy,liger-fp32-accum,full,speed,ms,BT,total tokens,8192,106.85616302490234,106.85616302490234,106.85616302490234,"{""hidden_size"": 4096, ""vocab_size"": 128256, ""dtype"": ""torch.bfloat16"", ""eps"": 1e-06, ""bsz"": 1, ""seq_len"": 8192}",Ascend910,2026-06-15 16:59:42,0.8.0
fused_linear_cross_entropy,torch,full,memory,MB,BT,total tokens,1024,4274.51513671875,4274.51513671875,4274.51513671875,"{""hidden_size"": 4096, ""vocab_size"": 128256, ""dtype"": ""torch.bfloat16"", ""eps"": 1e-06, ""bsz"": 1, ""seq_len"": 8192}",Ascend910,2026-06-15 16:59:53,0.8.0
fused_linear_cross_entropy,torch,full,memory,MB,BT,total tokens,2048,4610.02197265625,4610.02197265625,4610.02197265625,"{""hidden_size"": 4096, ""vocab_size"": 128256, ""dtype"": ""torch.bfloat16"", ""eps"": 1e-06, ""bsz"": 1, ""seq_len"": 8192}",Ascend910,2026-06-15 16:59:53,0.8.0
fused_linear_cross_entropy,torch,full,memory,MB,BT,total tokens,4096,6192.0380859375,6192.0380859375,6192.0380859375,"{""hidden_size"": 4096, ""vocab_size"": 128256, ""dtype"": ""torch.bfloat16"", ""eps"": 1e-06, ""bsz"": 1, ""seq_len"": 8192}",Ascend910,2026-06-15 16:59:53,0.8.0
fused_linear_cross_entropy,torch,full,memory,MB,BT,total tokens,8192,9358.0693359375,9358.0693359375,9358.0693359375,"{""hidden_size"": 4096, ""vocab_size"": 128256, ""dtype"": ""torch.bfloat16"", ""eps"": 1e-06, ""bsz"": 1, ""seq_len"": 8192}",Ascend910,2026-06-15 16:59:53,0.8.0
fused_linear_cross_entropy,liger,full,memory,MB,BT,total tokens,1024,4811.5205078125,4811.5205078125,4811.5205078125,"{""hidden_size"": 4096, ""vocab_size"": 128256, ""dtype"": ""torch.bfloat16"", ""eps"": 1e-06, ""bsz"": 1, ""seq_len"": 8192}",Ascend910,2026-06-15 17:00:03,0.8.0
fused_linear_cross_entropy,liger,full,memory,MB,BT,total tokens,2048,5597.03125,5597.03125,5597.03125,"{""hidden_size"": 4096, ""vocab_size"": 128256, ""dtype"": ""torch.bfloat16"", ""eps"": 1e-06, ""bsz"": 1, ""seq_len"": 8192}",Ascend910,2026-06-15 17:00:03,0.8.0
fused_linear_cross_entropy,liger,full,memory,MB,BT,total tokens,4096,7162.0556640625,7162.0556640625,7162.0556640625,"{""hidden_size"": 4096, ""vocab_size"": 128256, ""dtype"": ""torch.bfloat16"", ""eps"": 1e-06, ""bsz"": 1, ""seq_len"": 8192}",Ascend910,2026-06-15 17:00:03,0.8.0
fused_linear_cross_entropy,liger,full,memory,MB,BT,total tokens,8192,10296.1025390625,10296.1025390625,10296.1025390625,"{""hidden_size"": 4096, ""vocab_size"": 128256, ""dtype"": ""torch.bfloat16"", ""eps"": 1e-06, ""bsz"": 1, ""seq_len"": 8192}",Ascend910,2026-06-15 17:00:03,0.8.0
fused_linear_cross_entropy,liger-fp32-accum,full,memory,MB,BT,total tokens,1024,4811.5205078125,4811.5205078125,4811.5205078125,"{""hidden_size"": 4096, ""vocab_size"": 128256, ""dtype"": ""torch.bfloat16"", ""eps"": 1e-06, ""bsz"": 1, ""seq_len"": 8192}",Ascend910,2026-06-15 17:00:13,0.8.0
fused_linear_cross_entropy,liger-fp32-accum,full,memory,MB,BT,total tokens,2048,5597.03125,5597.03125,5597.03125,"{""hidden_size"": 4096, ""vocab_size"": 128256, ""dtype"": ""torch.bfloat16"", ""eps"": 1e-06, ""bsz"": 1, ""seq_len"": 8192}",Ascend910,2026-06-15 17:00:13,0.8.0
fused_linear_cross_entropy,liger-fp32-accum,full,memory,MB,BT,total tokens,4096,7162.0556640625,7162.0556640625,7162.0556640625,"{""hidden_size"": 4096, ""vocab_size"": 128256, ""dtype"": ""torch.bfloat16"", ""eps"": 1e-06, ""bsz"": 1, ""seq_len"": 8192}",Ascend910,2026-06-15 17:00:13,0.8.0
fused_linear_cross_entropy,liger-fp32-accum,full,memory,MB,BT,total tokens,8192,10296.1025390625,10296.1025390625,10296.1025390625,"{""hidden_size"": 4096, ""vocab_size"": 128256, ""dtype"": ""torch.bfloat16"", ""eps"": 1e-06, ""bsz"": 1, ""seq_len"": 8192}",Ascend910,2026-06-15 17:00:13,0.8.0
cross_entropy,liger,forward,speed,ms,BT,B * T,1024,0.8601800203323364,0.8127400279045105,0.8649519681930542,"{""vocab_size"": 128256, ""bsz"": 1, ""seq_len"": 8192}",Ascend910,2026-06-15 17:00:37,0.8.0
cross_entropy,liger,forward,speed,ms,BT,B * T,2048,1.2726800441741943,1.2176480293273926,1.27538001537323,"{""vocab_size"": 128256, ""bsz"": 1, ""seq_len"": 8192}",Ascend910,2026-06-15 17:00:37,0.8.0
cross_entropy,liger,forward,speed,ms,BT,B * T,4096,2.100130081176758,2.0738720893859863,2.141524076461792,"{""vocab_size"": 128256, ""bsz"": 1, ""seq_len"": 8192}",Ascend910,2026-06-15 17:00:37,0.8.0
cross_entropy,liger,forward,speed,ms,BT,B * T,8192,3.8201398849487305,3.816312074661255,3.823967933654785,"{""vocab_size"": 128256, ""bsz"": 1, ""seq_len"": 8192}",Ascend910,2026-06-15 17:00:37,0.8.0
cross_entropy,torch,forward,speed,ms,BT,B * T,1024,1.2973400354385376,1.290328025817871,1.3104679584503174,"{""vocab_size"": 128256, ""bsz"": 1, ""seq_len"": 8192}",Ascend910,2026-06-15 17:00:37,0.8.0
cross_entropy,torch,forward,speed,ms,BT,B * T,2048,2.4113900661468506,2.397279977798462,2.4229800701141357,"{""vocab_size"": 128256, ""bsz"": 1, ""seq_len"": 8192}",Ascend910,2026-06-15 17:00:37,0.8.0
cross_entropy,torch,forward,speed,ms,BT,B * T,4096,4.677140235900879,4.668680191040039,4.6855998039245605,"{""vocab_size"": 128256, ""bsz"": 1, ""seq_len"": 8192}",Ascend910,2026-06-15 17:00:37,0.8.0
cross_entropy,torch,forward,speed,ms,BT,B * T,8192,9.126399993896484,9.126399993896484,9.126399993896484,"{""vocab_size"": 128256, ""bsz"": 1, ""seq_len"": 8192}",Ascend910,2026-06-15 17:00:37,0.8.0
cross_entropy,liger,backward,speed,ms,BT,B * T,1024,0.9632400274276733,0.9630480408668518,0.9638400077819824,"{""vocab_size"": 128256, ""bsz"": 1, ""seq_len"": 8192}",Ascend910,2026-06-15 17:00:38,0.8.0
cross_entropy,liger,backward,speed,ms,BT,B * T,2048,1.843400001525879,1.8428000211715698,1.843999981880188,"{""vocab_size"": 128256, ""bsz"": 1, ""seq_len"": 8192}",Ascend910,2026-06-15 17:00:38,0.8.0
cross_entropy,liger,backward,speed,ms,BT,B * T,4096,3.640360116958618,3.640360116958618,3.640360116958618,"{""vocab_size"": 128256, ""bsz"": 1, ""seq_len"": 8192}",Ascend910,2026-06-15 17:00:38,0.8.0
cross_entropy,liger,backward,speed,ms,BT,B * T,8192,7.149159908294678,7.149159908294678,7.149159908294678,"{""vocab_size"": 128256, ""bsz"": 1, ""seq_len"": 8192}",Ascend910,2026-06-15 17:00:38,0.8.0
cross_entropy,torch,backward,speed,ms,BT,B * T,1024,1.7821600437164307,1.7820039987564087,1.790343999862671,"{""vocab_size"": 128256, ""bsz"": 1, ""seq_len"": 8192}",Ascend910,2026-06-15 17:00:39,0.8.0
cross_entropy,torch,backward,speed,ms,BT,B * T,2048,3.480799913406372,3.480799913406372,3.480799913406372,"{""vocab_size"": 128256, ""bsz"": 1, ""seq_len"": 8192}",Ascend910,2026-06-15 17:00:39,0.8.0
cross_entropy,torch,backward,speed,ms,BT,B * T,4096,6.864419937133789,6.864419937133789,6.864419937133789,"{""vocab_size"": 128256, ""bsz"": 1, ""seq_len"": 8192}",Ascend910,2026-06-15 17:00:39,0.8.0
cross_entropy,torch,backward,speed,ms,BT,B * T,8192,13.534879684448242,13.534879684448242,13.534879684448242,"{""vocab_size"": 128256, ""bsz"": 1, ""seq_len"": 8192}",Ascend910,2026-06-15 17:00:39,0.8.0
cross_entropy,liger,full,speed,ms,BT,B * T,1024,1.6622400283813477,1.6577039957046509,1.6671479940414429,"{""vocab_size"": 128256, ""bsz"": 1, ""seq_len"": 8192}",Ascend910,2026-06-15 17:00:39,0.8.0
cross_entropy,liger,full,speed,ms,BT,B * T,2048,2.9433400630950928,2.9433400630950928,2.9433400630950928,"{""vocab_size"": 128256, ""bsz"": 1, ""seq_len"": 8192}",Ascend910,2026-06-15 17:00:39,0.8.0
cross_entropy,liger,full,speed,ms,BT,B * T,4096,5.640600204467773,5.640600204467773,5.640600204467773,"{""vocab_size"": 128256, ""bsz"": 1, ""seq_len"": 8192}",Ascend910,2026-06-15 17:00:39,0.8.0
cross_entropy,liger,full,speed,ms,BT,B * T,8192,10.914739608764648,10.914739608764648,10.914739608764648,"{""vocab_size"": 128256, ""bsz"": 1, ""seq_len"": 8192}",Ascend910,2026-06-15 17:00:39,0.8.0
cross_entropy,torch,full,speed,ms,BT,B * T,1024,3.02839994430542,3.0257480144500732,3.0310518741607666,"{""vocab_size"": 128256, ""bsz"": 1, ""seq_len"": 8192}",Ascend910,2026-06-15 17:00:40,0.8.0
cross_entropy,torch,full,speed,ms,BT,B * T,2048,5.799260139465332,5.799260139465332,5.799260139465332,"{""vocab_size"": 128256, ""bsz"": 1, ""seq_len"": 8192}",Ascend910,2026-06-15 17:00:40,0.8.0
cross_entropy,torch,full,speed,ms,BT,B * T,4096,11.483940124511719,11.483940124511719,11.483940124511719,"{""vocab_size"": 128256, ""bsz"": 1, ""seq_len"": 8192}",Ascend910,2026-06-15 17:00:40,0.8.0
cross_entropy,torch,full,speed,ms,BT,B * T,8192,22.527679443359375,22.527679443359375,22.527679443359375,"{""vocab_size"": 128256, ""bsz"": 1, ""seq_len"": 8192}",Ascend910,2026-06-15 17:00:40,0.8.0
cross_entropy,liger,no-grad-forward,speed,ms,BT,B * T,1024,0.8099600076675415,0.80485999584198,0.8148199915885925,"{""vocab_size"": 128256, ""bsz"": 1, ""seq_len"": 8192}",Ascend910,2026-06-15 17:00:40,0.8.0
cross_entropy,liger,no-grad-forward,speed,ms,BT,B * T,2048,1.222640037536621,1.2192519903182983,1.2313480377197266,"{""vocab_size"": 128256, ""bsz"": 1, ""seq_len"": 8192}",Ascend910,2026-06-15 17:00:40,0.8.0
cross_entropy,liger,no-grad-forward,speed,ms,BT,B * T,4096,2.070040225982666,2.067484140396118,2.0720601081848145,"{""vocab_size"": 128256, ""bsz"": 1, ""seq_len"": 8192}",Ascend910,2026-06-15 17:00:40,0.8.0
cross_entropy,liger,no-grad-forward,speed,ms,BT,B * T,8192,3.772239923477173,3.7673919200897217,3.777087926864624,"{""vocab_size"": 128256, ""bsz"": 1, ""seq_len"": 8192}",Ascend910,2026-06-15 17:00:40,0.8.0
cross_entropy,torch,no-grad-forward,speed,ms,BT,B * T,1024,1.3070000410079956,1.28302800655365,1.3123199939727783,"{""vocab_size"": 128256, ""bsz"": 1, ""seq_len"": 8192}",Ascend910,2026-06-15 17:00:41,0.8.0
cross_entropy,torch,no-grad-forward,speed,ms,BT,B * T,2048,2.4153099060058594,2.398184061050415,2.4250361919403076,"{""vocab_size"": 128256, ""bsz"": 1, ""seq_len"": 8192}",Ascend910,2026-06-15 17:00:41,0.8.0
cross_entropy,torch,no-grad-forward,speed,ms,BT,B * T,4096,4.687609672546387,4.682024002075195,4.693195819854736,"{""vocab_size"": 128256, ""bsz"": 1, ""seq_len"": 8192}",Ascend910,2026-06-15 17:00:41,0.8.0
cross_entropy,torch,no-grad-forward,speed,ms,BT,B * T,8192,9.054759979248047,9.054759979248047,9.054759979248047,"{""vocab_size"": 128256, ""bsz"": 1, ""seq_len"": 8192}",Ascend910,2026-06-15 17:00:41,0.8.0
cross_entropy,liger,full,memory,MB,BT,B * T,1024,1504.01513671875,1504.01513671875,1504.01513671875,"{""vocab_size"": 128256, ""bsz"": 1, ""seq_len"": 8192}",Ascend910,2026-06-15 17:00:41,0.8.0
cross_entropy,liger,full,memory,MB,BT,B * T,2048,3006.02734375,3006.02734375,3006.02734375,"{""vocab_size"": 128256, ""bsz"": 1, ""seq_len"": 8192}",Ascend910,2026-06-15 17:00:41,0.8.0
cross_entropy,liger,full,memory,MB,BT,B * T,4096,6012.05078125,6012.05078125,6012.05078125,"{""vocab_size"": 128256, ""bsz"": 1, ""seq_len"": 8192}",Ascend910,2026-06-15 17:00:41,0.8.0
cross_entropy,liger,full,memory,MB,BT,B * T,8192,12024.09765625,12024.09765625,12024.09765625,"{""vocab_size"": 128256, ""bsz"": 1, ""seq_len"": 8192}",Ascend910,2026-06-15 17:00:41,0.8.0
cross_entropy,torch,full,memory,MB,BT,B * T,1024,2506.01171875,2506.01171875,2506.01171875,"{""vocab_size"": 128256, ""bsz"": 1, ""seq_len"": 8192}",Ascend910,2026-06-15 17:00:41,0.8.0
cross_entropy,torch,full,memory,MB,BT,B * T,2048,5010.02001953125,5010.02001953125,5010.02001953125,"{""vocab_size"": 128256, ""bsz"": 1, ""seq_len"": 8192}",Ascend910,2026-06-15 17:00:41,0.8.0
cross_entropy,torch,full,memory,MB,BT,B * T,4096,10020.03515625,10020.03515625,10020.03515625,"{""vocab_size"": 128256, ""bsz"": 1, ""seq_len"": 8192}",Ascend910,2026-06-15 17:00:41,0.8.0
cross_entropy,torch,full,memory,MB,BT,B * T,8192,20040.06640625,20040.06640625,20040.06640625,"{""vocab_size"": 128256, ""bsz"": 1, ""seq_len"": 8192}",Ascend910,2026-06-15 17:00:41,0.8.0
swiglu,huggingface,forward,speed,ms,T,total tokens,1024,1.4953399896621704,1.4854400157928467,1.4958440065383911,"{""hidden_size"": 4096, ""intermediate_size"": 14336, ""dtype"": ""torch.bfloat16"", ""bsz"": 1, ""hidden_act"": ""silu"", ""seq_len"": 8192}",Ascend910,2026-06-15 17:01:07,0.8.0
swiglu,huggingface,forward,speed,ms,T,total tokens,2048,2.716599941253662,2.7157840728759766,2.7186760902404785,"{""hidden_size"": 4096, ""intermediate_size"": 14336, ""dtype"": ""torch.bfloat16"", ""bsz"": 1, ""hidden_act"": ""silu"", ""seq_len"": 8192}",Ascend910,2026-06-15 17:01:07,0.8.0
swiglu,huggingface,forward,speed,ms,T,total tokens,4096,5.246520042419434,5.246520042419434,5.246520042419434,"{""hidden_size"": 4096, ""intermediate_size"": 14336, ""dtype"": ""torch.bfloat16"", ""bsz"": 1, ""hidden_act"": ""silu"", ""seq_len"": 8192}",Ascend910,2026-06-15 17:01:07,0.8.0
swiglu,huggingface,forward,speed,ms,T,total tokens,8192,10.239879608154297,10.239879608154297,10.239879608154297,"{""hidden_size"": 4096, ""intermediate_size"": 14336, ""dtype"": ""torch.bfloat16"", ""bsz"": 1, ""hidden_act"": ""silu"", ""seq_len"": 8192}",Ascend910,2026-06-15 17:01:07,0.8.0
swiglu,liger,forward,speed,ms,T,total tokens,1024,1.4490599632263184,1.4472999572753906,1.4523600339889526,"{""hidden_size"": 4096, ""intermediate_size"": 14336, ""dtype"": ""torch.bfloat16"", ""bsz"": 1, ""hidden_act"": ""silu"", ""seq_len"": 8192}",Ascend910,2026-06-15 17:01:10,0.8.0
swiglu,liger,forward,speed,ms,T,total tokens,2048,2.639580011367798,2.638715982437134,2.6426761150360107,"{""hidden_size"": 4096, ""intermediate_size"": 14336, ""dtype"": ""torch.bfloat16"", ""bsz"": 1, ""hidden_act"": ""silu"", ""seq_len"": 8192}",Ascend910,2026-06-15 17:01:10,0.8.0
swiglu,liger,forward,speed,ms,T,total tokens,4096,5.12306022644043,5.12306022644043,5.12306022644043,"{""hidden_size"": 4096, ""intermediate_size"": 14336, ""dtype"": ""torch.bfloat16"", ""bsz"": 1, ""hidden_act"": ""silu"", ""seq_len"": 8192}",Ascend910,2026-06-15 17:01:10,0.8.0
swiglu,liger,forward,speed,ms,T,total tokens,8192,9.862139701843262,9.862139701843262,9.862139701843262,"{""hidden_size"": 4096, ""intermediate_size"": 14336, ""dtype"": ""torch.bfloat16"", ""bsz"": 1, ""hidden_act"": ""silu"", ""seq_len"": 8192}",Ascend910,2026-06-15 17:01:10,0.8.0
swiglu,huggingface,backward,speed,ms,T,total tokens,1024,4.820089817047119,4.813327789306641,4.826851844787598,"{""hidden_size"": 4096, ""intermediate_size"": 14336, ""dtype"": ""torch.bfloat16"", ""bsz"": 1, ""hidden_act"": ""silu"", ""seq_len"": 8192}",Ascend910,2026-06-15 17:01:14,0.8.0
swiglu,huggingface,backward,speed,ms,T,total tokens,2048,7.242380142211914,7.242380142211914,7.242380142211914,"{""hidden_size"": 4096, ""intermediate_size"": 14336, ""dtype"": ""torch.bfloat16"", ""bsz"": 1, ""hidden_act"": ""silu"", ""seq_len"": 8192}",Ascend910,2026-06-15 17:01:14,0.8.0
swiglu,huggingface,backward,speed,ms,T,total tokens,4096,12.608759880065918,12.608759880065918,12.608759880065918,"{""hidden_size"": 4096, ""intermediate_size"": 14336, ""dtype"": ""torch.bfloat16"", ""bsz"": 1, ""hidden_act"": ""silu"", ""seq_len"": 8192}",Ascend910,2026-06-15 17:01:14,0.8.0
swiglu,huggingface,backward,speed,ms,T,total tokens,8192,23.77164077758789,23.77164077758789,23.77164077758789,"{""hidden_size"": 4096, ""intermediate_size"": 14336, ""dtype"": ""torch.bfloat16"", ""bsz"": 1, ""hidden_act"": ""silu"", ""seq_len"": 8192}",Ascend910,2026-06-15 17:01:14,0.8.0
swiglu,liger,backward,speed,ms,T,total tokens,1024,4.673210144042969,4.671367645263672,4.675052165985107,"{""hidden_size"": 4096, ""intermediate_size"": 14336, ""dtype"": ""torch.bfloat16"", ""bsz"": 1, ""hidden_act"": ""silu"", ""seq_len"": 8192}",Ascend910,2026-06-15 17:01:17,0.8.0
swiglu,liger,backward,speed,ms,T,total tokens,2048,6.926640033721924,6.926640033721924,6.926640033721924,"{""hidden_size"": 4096, ""intermediate_size"": 14336, ""dtype"": ""torch.bfloat16"", ""bsz"": 1, ""hidden_act"": ""silu"", ""seq_len"": 8192}",Ascend910,2026-06-15 17:01:17,0.8.0
swiglu,liger,backward,speed,ms,T,total tokens,4096,12.07565975189209,12.07565975189209,12.07565975189209,"{""hidden_size"": 4096, ""intermediate_size"": 14336, ""dtype"": ""torch.bfloat16"", ""bsz"": 1, ""hidden_act"": ""silu"", ""seq_len"": 8192}",Ascend910,2026-06-15 17:01:17,0.8.0
swiglu,liger,backward,speed,ms,T,total tokens,8192,22.590620040893555,22.590620040893555,22.590620040893555,"{""hidden_size"": 4096, ""intermediate_size"": 14336, ""dtype"": ""torch.bfloat16"", ""bsz"": 1, ""hidden_act"": ""silu"", ""seq_len"": 8192}",Ascend910,2026-06-15 17:01:17,0.8.0
swiglu,huggingface,full,speed,ms,T,total tokens,1024,6.696199893951416,6.696199893951416,6.696199893951416,"{""hidden_size"": 4096, ""intermediate_size"": 14336, ""dtype"": ""torch.bfloat16"", ""bsz"": 1, ""hidden_act"": ""silu"", ""seq_len"": 8192}",Ascend910,2026-06-15 17:01:20,0.8.0
swiglu,huggingface,full,speed,ms,T,total tokens,2048,10.7489595413208,10.7489595413208,10.7489595413208,"{""hidden_size"": 4096, ""intermediate_size"": 14336, ""dtype"": ""torch.bfloat16"", ""bsz"": 1, ""hidden_act"": ""silu"", ""seq_len"": 8192}",Ascend910,2026-06-15 17:01:20,0.8.0
swiglu,huggingface,full,speed,ms,T,total tokens,4096,19.501880645751953,19.501880645751953,19.501880645751953,"{""hidden_size"": 4096, ""intermediate_size"": 14336, ""dtype"": ""torch.bfloat16"", ""bsz"": 1, ""hidden_act"": ""silu"", ""seq_len"": 8192}",Ascend910,2026-06-15 17:01:20,0.8.0
swiglu,huggingface,full,speed,ms,T,total tokens,8192,37.154640197753906,37.154640197753906,37.154640197753906,"{""hidden_size"": 4096, ""intermediate_size"": 14336, ""dtype"": ""torch.bfloat16"", ""bsz"": 1, ""hidden_act"": ""silu"", ""seq_len"": 8192}",Ascend910,2026-06-15 17:01:20,0.8.0
swiglu,liger,full,speed,ms,T,total tokens,1024,6.50432014465332,6.50432014465332,6.50432014465332,"{""hidden_size"": 4096, ""intermediate_size"": 14336, ""dtype"": ""torch.bfloat16"", ""bsz"": 1, ""hidden_act"": ""silu"", ""seq_len"": 8192}",Ascend910,2026-06-15 17:01:23,0.8.0
swiglu,liger,full,speed,ms,T,total tokens,2048,10.37205982208252,10.37205982208252,10.37205982208252,"{""hidden_size"": 4096, ""intermediate_size"": 14336, ""dtype"": ""torch.bfloat16"", ""bsz"": 1, ""hidden_act"": ""silu"", ""seq_len"": 8192}",Ascend910,2026-06-15 17:01:23,0.8.0
swiglu,liger,full,speed,ms,T,total tokens,4096,18.78260040283203,18.78260040283203,18.78260040283203,"{""hidden_size"": 4096, ""intermediate_size"": 14336, ""dtype"": ""torch.bfloat16"", ""bsz"": 1, ""hidden_act"": ""silu"", ""seq_len"": 8192}",Ascend910,2026-06-15 17:01:23,0.8.0
swiglu,liger,full,speed,ms,T,total tokens,8192,35.72367858886719,35.72367858886719,35.72367858886719,"{""hidden_size"": 4096, ""intermediate_size"": 14336, ""dtype"": ""torch.bfloat16"", ""bsz"": 1, ""hidden_act"": ""silu"", ""seq_len"": 8192}",Ascend910,2026-06-15 17:01:23,0.8.0
swiglu,huggingface,full,memory,MB,T,total tokens,1024,1076.0107421875,1076.0107421875,1076.0107421875,"{""hidden_size"": 4096, ""intermediate_size"": 14336, ""dtype"": ""torch.bfloat16"", ""bsz"": 1, ""hidden_act"": ""silu"", ""seq_len"": 8192}",Ascend910,2026-06-15 17:01:26,0.8.0
swiglu,huggingface,full,memory,MB,T,total tokens,2048,1256.0107421875,1256.0107421875,1256.0107421875,"{""hidden_size"": 4096, ""intermediate_size"": 14336, ""dtype"": ""torch.bfloat16"", ""bsz"": 1, ""hidden_act"": ""silu"", ""seq_len"": 8192}",Ascend910,2026-06-15 17:01:26,0.8.0
swiglu,huggingface,full,memory,MB,T,total tokens,4096,1636.009765625,1636.009765625,1636.009765625,"{""hidden_size"": 4096, ""intermediate_size"": 14336, ""dtype"": ""torch.bfloat16"", ""bsz"": 1, ""hidden_act"": ""silu"", ""seq_len"": 8192}",Ascend910,2026-06-15 17:01:26,0.8.0
swiglu,huggingface,full,memory,MB,T,total tokens,8192,2496.00830078125,2496.00830078125,2496.00830078125,"{""hidden_size"": 4096, ""intermediate_size"": 14336, ""dtype"": ""torch.bfloat16"", ""bsz"": 1, ""hidden_act"": ""silu"", ""seq_len"": 8192}",Ascend910,2026-06-15 17:01:26,0.8.0
swiglu,liger,full,memory,MB,T,total tokens,1024,1048.01025390625,1048.01025390625,1048.01025390625,"{""hidden_size"": 4096, ""intermediate_size"": 14336, ""dtype"": ""torch.bfloat16"", ""bsz"": 1, ""hidden_act"": ""silu"", ""seq_len"": 8192}",Ascend910,2026-06-15 17:01:29,0.8.0
swiglu,liger,full,memory,MB,T,total tokens,2048,1200.01025390625,1200.01025390625,1200.01025390625,"{""hidden_size"": 4096, ""intermediate_size"": 14336, ""dtype"": ""torch.bfloat16"", ""bsz"": 1, ""hidden_act"": ""silu"", ""seq_len"": 8192}",Ascend910,2026-06-15 17:01:29,0.8.0
swiglu,liger,full,memory,MB,T,total tokens,4096,1524.00927734375,1524.00927734375,1524.00927734375,"{""hidden_size"": 4096, ""intermediate_size"": 14336, ""dtype"": ""torch.bfloat16"", ""bsz"": 1, ""hidden_act"": ""silu"", ""seq_len"": 8192}",Ascend910,2026-06-15 17:01:29,0.8.0
swiglu,liger,full,memory,MB,T,total tokens,8192,2272.0078125,2272.0078125,2272.0078125,"{""hidden_size"": 4096, ""intermediate_size"": 14336, ""dtype"": ""torch.bfloat16"", ""bsz"": 1, ""hidden_act"": ""silu"", ""seq_len"": 8192}",Ascend910,2026-06-15 17:01:29,0.8.0
swiglu,huggingface,forward,memory,MB,T,total tokens,1024,464.00439453125,464.00439453125,464.00439453125,"{""hidden_size"": 4096, ""intermediate_size"": 14336, ""dtype"": ""torch.bfloat16"", ""bsz"": 1, ""hidden_act"": ""silu"", ""seq_len"": 8192}",Ascend910,2026-06-15 17:01:31,0.8.0
swiglu,huggingface,forward,memory,MB,T,total tokens,2048,612.00537109375,612.00537109375,612.00537109375,"{""hidden_size"": 4096, ""intermediate_size"": 14336, ""dtype"": ""torch.bfloat16"", ""bsz"": 1, ""hidden_act"": ""silu"", ""seq_len"": 8192}",Ascend910,2026-06-15 17:01:31,0.8.0
swiglu,huggingface,forward,memory,MB,T,total tokens,4096,868.00537109375,868.00537109375,868.00537109375,"{""hidden_size"": 4096, ""intermediate_size"": 14336, ""dtype"": ""torch.bfloat16"", ""bsz"": 1, ""hidden_act"": ""silu"", ""seq_len"": 8192}",Ascend910,2026-06-15 17:01:31,0.8.0
swiglu,huggingface,forward,memory,MB,T,total tokens,8192,1380.00537109375,1380.00537109375,1380.00537109375,"{""hidden_size"": 4096, ""intermediate_size"": 14336, ""dtype"": ""torch.bfloat16"", ""bsz"": 1, ""hidden_act"": ""silu"", ""seq_len"": 8192}",Ascend910,2026-06-15 17:01:31,0.8.0
swiglu,liger,forward,memory,MB,T,total tokens,1024,436.00390625,436.00390625,436.00390625,"{""hidden_size"": 4096, ""intermediate_size"": 14336, ""dtype"": ""torch.bfloat16"", ""bsz"": 1, ""hidden_act"": ""silu"", ""seq_len"": 8192}",Ascend910,2026-06-15 17:01:34,0.8.0
swiglu,liger,forward,memory,MB,T,total tokens,2048,556.0048828125,556.0048828125,556.0048828125,"{""hidden_size"": 4096, ""intermediate_size"": 14336, ""dtype"": ""torch.bfloat16"", ""bsz"": 1, ""hidden_act"": ""silu"", ""seq_len"": 8192}",Ascend910,2026-06-15 17:01:34,0.8.0
swiglu,liger,forward,memory,MB,T,total tokens,4096,756.0048828125,756.0048828125,756.0048828125,"{""hidden_size"": 4096, ""intermediate_size"": 14336, ""dtype"": ""torch.bfloat16"", ""bsz"": 1, ""hidden_act"": ""silu"", ""seq_len"": 8192}",Ascend910,2026-06-15 17:01:34,0.8.0
swiglu,liger,forward,memory,MB,T,total tokens,8192,1156.0048828125,1156.0048828125,1156.0048828125,"{""hidden_size"": 4096, ""intermediate_size"": 14336, ""dtype"": ""torch.bfloat16"", ""bsz"": 1, ""hidden_act"": ""silu"", ""seq_len"": 8192}",Ascend910,2026-06-15 17:01:34,0.8.0
swiglu,huggingface,backward,memory,MB,T,total tokens,1024,1076.0107421875,1076.0107421875,1076.0107421875,"{""hidden_size"": 4096, ""intermediate_size"": 14336, ""dtype"": ""torch.bfloat16"", ""bsz"": 1, ""hidden_act"": ""silu"", ""seq_len"": 8192}",Ascend910,2026-06-15 17:01:37,0.8.0
swiglu,huggingface,backward,memory,MB,T,total tokens,2048,1256.0107421875,1256.0107421875,1256.0107421875,"{""hidden_size"": 4096, ""intermediate_size"": 14336, ""dtype"": ""torch.bfloat16"", ""bsz"": 1, ""hidden_act"": ""silu"", ""seq_len"": 8192}",Ascend910,2026-06-15 17:01:37,0.8.0
swiglu,huggingface,backward,memory,MB,T,total tokens,4096,1636.009765625,1636.009765625,1636.009765625,"{""hidden_size"": 4096, ""intermediate_size"": 14336, ""dtype"": ""torch.bfloat16"", ""bsz"": 1, ""hidden_act"": ""silu"", ""seq_len"": 8192}",Ascend910,2026-06-15 17:01:37,0.8.0
swiglu,huggingface,backward,memory,MB,T,total tokens,8192,2496.00830078125,2496.00830078125,2496.00830078125,"{""hidden_size"": 4096, ""intermediate_size"": 14336, ""dtype"": ""torch.bfloat16"", ""bsz"": 1, ""hidden_act"": ""silu"", ""seq_len"": 8192}",Ascend910,2026-06-15 17:01:37,0.8.0
swiglu,liger,backward,memory,MB,T,total tokens,1024,1048.01025390625,1048.01025390625,1048.01025390625,"{""hidden_size"": 4096, ""intermediate_size"": 14336, ""dtype"": ""torch.bfloat16"", ""bsz"": 1, ""hidden_act"": ""silu"", ""seq_len"": 8192}",Ascend910,2026-06-15 17:01:39,0.8.0
swiglu,liger,backward,memory,MB,T,total tokens,2048,1200.01025390625,1200.01025390625,1200.01025390625,"{""hidden_size"": 4096, ""intermediate_size"": 14336, ""dtype"": ""torch.bfloat16"", ""bsz"": 1, ""hidden_act"": ""silu"", ""seq_len"": 8192}",Ascend910,2026-06-15 17:01:39,0.8.0
swiglu,liger,backward,memory,MB,T,total tokens,4096,1524.00927734375,1524.00927734375,1524.00927734375,"{""hidden_size"": 4096, ""intermediate_size"": 14336, ""dtype"": ""torch.bfloat16"", ""bsz"": 1, ""hidden_act"": ""silu"", ""seq_len"": 8192}",Ascend910,2026-06-15 17:01:39,0.8.0
swiglu,liger,backward,memory,MB,T,total tokens,8192,2272.0078125,2272.0078125,2272.0078125,"{""hidden_size"": 4096, ""intermediate_size"": 14336, ""dtype"": ""torch.bfloat16"", ""bsz"": 1, ""hidden_act"": ""silu"", ""seq_len"": 8192}",Ascend910,2026-06-15 17:01:39,0.8.0
rms_norm,huggingface,forward,speed,ms,T,Sequence length,1024,0.14259999990463257,0.14154000580310822,0.1430799961090088,"{""hidden_size"": 4096, ""dtype"": ""torch.bfloat16"", ""eps"": 1e-06, ""bsz"": 1, ""seq_len"": 8192}",Ascend910,2026-06-15 17:02:21,0.8.0
rms_norm,huggingface,forward,speed,ms,T,Sequence length,2048,0.21559999883174896,0.21557199954986572,0.21598400175571442,"{""hidden_size"": 4096, ""dtype"": ""torch.bfloat16"", ""eps"": 1e-06, ""bsz"": 1, ""seq_len"": 8192}",Ascend910,2026-06-15 17:02:21,0.8.0
rms_norm,huggingface,forward,speed,ms,T,Sequence length,4096,0.3470100164413452,0.34620001912117004,0.3476399779319763,"{""hidden_size"": 4096, ""dtype"": ""torch.bfloat16"", ""eps"": 1e-06, ""bsz"": 1, ""seq_len"": 8192}",Ascend910,2026-06-15 17:02:21,0.8.0
rms_norm,huggingface,forward,speed,ms,T,Sequence length,8192,0.7018399834632874,0.7002400159835815,0.7055400013923645,"{""hidden_size"": 4096, ""dtype"": ""torch.bfloat16"", ""eps"": 1e-06, ""bsz"": 1, ""seq_len"": 8192}",Ascend910,2026-06-15 17:02:21,0.8.0
rms_norm,liger,forward,speed,ms,T,Sequence length,1024,0.044610001146793365,0.044440001249313354,0.0448479987680912,"{""hidden_size"": 4096, ""dtype"": ""torch.bfloat16"", ""eps"": 1e-06, ""bsz"": 1, ""seq_len"": 8192}",Ascend910,2026-06-15 17:02:22,0.8.0
rms_norm,liger,forward,speed,ms,T,Sequence length,2048,0.08483999967575073,0.08468399941921234,0.08501999825239182,"{""hidden_size"": 4096, ""dtype"": ""torch.bfloat16"", ""eps"": 1e-06, ""bsz"": 1, ""seq_len"": 8192}",Ascend910,2026-06-15 17:02:22,0.8.0
rms_norm,liger,forward,speed,ms,T,Sequence length,4096,0.16556000709533691,0.16526399552822113,0.16576799750328064,"{""hidden_size"": 4096, ""dtype"": ""torch.bfloat16"", ""eps"": 1e-06, ""bsz"": 1, ""seq_len"": 8192}",Ascend910,2026-06-15 17:02:22,0.8.0
rms_norm,liger,forward,speed,ms,T,Sequence length,8192,0.327239990234375,0.3268599808216095,0.32755202054977417,"{""hidden_size"": 4096, ""dtype"": ""torch.bfloat16"", ""eps"": 1e-06, ""bsz"": 1, ""seq_len"": 8192}",Ascend910,2026-06-15 17:02:22,0.8.0
rms_norm,huggingface,backward,speed,ms,T,Sequence length,1024,0.4457100033760071,0.44391199946403503,0.4473640024662018,"{""hidden_size"": 4096, ""dtype"": ""torch.bfloat16"", ""eps"": 1e-06, ""bsz"": 1, ""seq_len"": 8192}",Ascend910,2026-06-15 17:02:22,0.8.0
rms_norm,huggingface,backward,speed,ms,T,Sequence length,2048,0.7226799726486206,0.7208600044250488,0.7244399785995483,"{""hidden_size"": 4096, ""dtype"": ""torch.bfloat16"", ""eps"": 1e-06, ""bsz"": 1, ""seq_len"": 8192}",Ascend910,2026-06-15 17:02:22,0.8.0
rms_norm,huggingface,backward,speed,ms,T,Sequence length,4096,1.5529199838638306,1.5503079891204834,1.5555320978164673,"{""hidden_size"": 4096, ""dtype"": ""torch.bfloat16"", ""eps"": 1e-06, ""bsz"": 1, ""seq_len"": 8192}",Ascend910,2026-06-15 17:02:22,0.8.0
rms_norm,huggingface,backward,speed,ms,T,Sequence length,8192,3.679640054702759,3.679640054702759,3.679640054702759,"{""hidden_size"": 4096, ""dtype"": ""torch.bfloat16"", ""eps"": 1e-06, ""bsz"": 1, ""seq_len"": 8192}",Ascend910,2026-06-15 17:02:22,0.8.0
rms_norm,liger,backward,speed,ms,T,Sequence length,1024,0.08669999986886978,0.08388400077819824,0.08948399871587753,"{""hidden_size"": 4096, ""dtype"": ""torch.bfloat16"", ""eps"": 1e-06, ""bsz"": 1, ""seq_len"": 8192}",Ascend910,2026-06-15 17:02:22,0.8.0
rms_norm,liger,backward,speed,ms,T,Sequence length,2048,0.12160000205039978,0.1210160031914711,0.12209200114011765,"{""hidden_size"": 4096, ""dtype"": ""torch.bfloat16"", ""eps"": 1e-06, ""bsz"": 1, ""seq_len"": 8192}",Ascend910,2026-06-15 17:02:22,0.8.0
rms_norm,liger,backward,speed,ms,T,Sequence length,4096,0.2040800005197525,0.20343200862407684,0.20449599623680115,"{""hidden_size"": 4096, ""dtype"": ""torch.bfloat16"", ""eps"": 1e-06, ""bsz"": 1, ""seq_len"": 8192}",Ascend910,2026-06-15 17:02:22,0.8.0
rms_norm,liger,backward,speed,ms,T,Sequence length,8192,0.36667999625205994,0.3658359944820404,0.3677079975605011,"{""hidden_size"": 4096, ""dtype"": ""torch.bfloat16"", ""eps"": 1e-06, ""bsz"": 1, ""seq_len"": 8192}",Ascend910,2026-06-15 17:02:22,0.8.0
rms_norm,huggingface,full,speed,ms,T,Sequence length,1024,0.9349600076675415,0.934436023235321,0.9394760131835938,"{""hidden_size"": 4096, ""dtype"": ""torch.bfloat16"", ""eps"": 1e-06, ""bsz"": 1, ""seq_len"": 8192}",Ascend910,2026-06-15 17:02:23,0.8.0
rms_norm,huggingface,full,speed,ms,T,Sequence length,2048,1.6639200448989868,1.663707971572876,1.665004014968872,"{""hidden_size"": 4096, ""dtype"": ""torch.bfloat16"", ""eps"": 1e-06, ""bsz"": 1, ""seq_len"": 8192}",Ascend910,2026-06-15 17:02:23,0.8.0
rms_norm,huggingface,full,speed,ms,T,Sequence length,4096,3.4189701080322266,3.4145359992980957,3.4234039783477783,"{""hidden_size"": 4096, ""dtype"": ""torch.bfloat16"", ""eps"": 1e-06, ""bsz"": 1, ""seq_len"": 8192}",Ascend910,2026-06-15 17:02:23,0.8.0
rms_norm,huggingface,full,speed,ms,T,Sequence length,8192,7.399680137634277,7.399680137634277,7.399680137634277,"{""hidden_size"": 4096, ""dtype"": ""torch.bfloat16"", ""eps"": 1e-06, ""bsz"": 1, ""seq_len"": 8192}",Ascend910,2026-06-15 17:02:23,0.8.0
rms_norm,liger,full,speed,ms,T,Sequence length,1024,0.5660600066184998,0.5656279921531677,0.5670480132102966,"{""hidden_size"": 4096, ""dtype"": ""torch.bfloat16"", ""eps"": 1e-06, ""bsz"": 1, ""seq_len"": 8192}",Ascend910,2026-06-15 17:02:23,0.8.0
rms_norm,liger,full,speed,ms,T,Sequence length,2048,1.0755300521850586,1.0749000310897827,1.0758720636367798,"{""hidden_size"": 4096, ""dtype"": ""torch.bfloat16"", ""eps"": 1e-06, ""bsz"": 1, ""seq_len"": 8192}",Ascend910,2026-06-15 17:02:23,0.8.0
rms_norm,liger,full,speed,ms,T,Sequence length,4096,2.0981998443603516,2.095655918121338,2.0990800857543945,"{""hidden_size"": 4096, ""dtype"": ""torch.bfloat16"", ""eps"": 1e-06, ""bsz"": 1, ""seq_len"": 8192}",Ascend910,2026-06-15 17:02:23,0.8.0
rms_norm,liger,full,speed,ms,T,Sequence length,8192,4.075309753417969,4.074607849121094,4.076012134552002,"{""hidden_size"": 4096, ""dtype"": ""torch.bfloat16"", ""eps"": 1e-06, ""bsz"": 1, ""seq_len"": 8192}",Ascend910,2026-06-15 17:02:23,0.8.0
rms_norm,huggingface,full,memory,MB,T,Sequence length,1024,152.0419921875,152.0419921875,152.0419921875,"{""hidden_size"": 4096, ""dtype"": ""torch.bfloat16"", ""eps"": 1e-06, ""bsz"": 1, ""seq_len"": 8192}",Ascend910,2026-06-15 17:02:23,0.8.0
rms_norm,huggingface,full,memory,MB,T,Sequence length,2048,304.0458984375,304.0458984375,304.0458984375,"{""hidden_size"": 4096, ""dtype"": ""torch.bfloat16"", ""eps"": 1e-06, ""bsz"": 1, ""seq_len"": 8192}",Ascend910,2026-06-15 17:02:23,0.8.0
rms_norm,huggingface,full,memory,MB,T,Sequence length,4096,608.0537109375,608.0537109375,608.0537109375,"{""hidden_size"": 4096, ""dtype"": ""torch.bfloat16"", ""eps"": 1e-06, ""bsz"": 1, ""seq_len"": 8192}",Ascend910,2026-06-15 17:02:23,0.8.0
rms_norm,huggingface,full,memory,MB,T,Sequence length,8192,1216.0693359375,1216.0693359375,1216.0693359375,"{""hidden_size"": 4096, ""dtype"": ""torch.bfloat16"", ""eps"": 1e-06, ""bsz"": 1, ""seq_len"": 8192}",Ascend910,2026-06-15 17:02:23,0.8.0
rms_norm,liger,full,memory,MB,T,Sequence length,1024,48.04052734375,48.04052734375,48.04052734375,"{""hidden_size"": 4096, ""dtype"": ""torch.bfloat16"", ""eps"": 1e-06, ""bsz"": 1, ""seq_len"": 8192}",Ascend910,2026-06-15 17:02:23,0.8.0
rms_norm,liger,full,memory,MB,T,Sequence length,2048,96.04443359375,96.04443359375,96.04443359375,"{""hidden_size"": 4096, ""dtype"": ""torch.bfloat16"", ""eps"": 1e-06, ""bsz"": 1, ""seq_len"": 8192}",Ascend910,2026-06-15 17:02:23,0.8.0
rms_norm,liger,full,memory,MB,T,Sequence length,4096,192.05224609375,192.05224609375,192.05224609375,"{""hidden_size"": 4096, ""dtype"": ""torch.bfloat16"", ""eps"": 1e-06, ""bsz"": 1, ""seq_len"": 8192}",Ascend910,2026-06-15 17:02:23,0.8.0
rms_norm,liger,full,memory,MB,T,Sequence length,8192,384.06787109375,384.06787109375,384.06787109375,"{""hidden_size"": 4096, ""dtype"": ""torch.bfloat16"", ""eps"": 1e-06, ""bsz"": 1, ""seq_len"": 8192}",Ascend910,2026-06-15 17:02:23,0.8.0
rope,huggingface,forward,speed,ms,T,sequence length,1024,0.22062000632286072,0.21796399354934692,0.22260800004005432,"{""hidden_size"": 4096, ""num_attention_heads"": 32, ""num_key_value_heads"": 8, ""dtype"": ""torch.bfloat16"", ""bsz"": 1, ""seq_len"": 8192}",Ascend910,2026-06-15 17:03:02,0.8.0
rope,huggingface,forward,speed,ms,T,sequence length,2048,0.2952199876308441,0.2940320074558258,0.29829198122024536,"{""hidden_size"": 4096, ""num_attention_heads"": 32, ""num_key_value_heads"": 8, ""dtype"": ""torch.bfloat16"", ""bsz"": 1, ""seq_len"": 8192}",Ascend910,2026-06-15 17:03:02,0.8.0
rope,huggingface,forward,speed,ms,T,sequence length,4096,0.4403199851512909,0.43804800510406494,0.44562798738479614,"{""hidden_size"": 4096, ""num_attention_heads"": 32, ""num_key_value_heads"": 8, ""dtype"": ""torch.bfloat16"", ""bsz"": 1, ""seq_len"": 8192}",Ascend910,2026-06-15 17:03:02,0.8.0
rope,huggingface,forward,speed,ms,T,sequence length,8192,0.805400013923645,0.8004000186920166,0.8070399761199951,"{""hidden_size"": 4096, ""num_attention_heads"": 32, ""num_key_value_heads"": 8, ""dtype"": ""torch.bfloat16"", ""bsz"": 1, ""seq_len"": 8192}",Ascend910,2026-06-15 17:03:02,0.8.0
rope,liger,forward,speed,ms,T,sequence length,1024,0.03991999849677086,0.03896000236272812,0.04118400067090988,"{""hidden_size"": 4096, ""num_attention_heads"": 32, ""num_key_value_heads"": 8, ""dtype"": ""torch.bfloat16"", ""bsz"": 1, ""seq_len"": 8192}",Ascend910,2026-06-15 17:03:03,0.8.0
rope,liger,forward,speed,ms,T,sequence length,2048,0.07385999709367752,0.07197200506925583,0.07534800469875336,"{""hidden_size"": 4096, ""num_attention_heads"": 32, ""num_key_value_heads"": 8, ""dtype"": ""torch.bfloat16"", ""bsz"": 1, ""seq_len"": 8192}",Ascend910,2026-06-15 17:03:03,0.8.0
rope,liger,forward,speed,ms,T,sequence length,4096,0.1440500020980835,0.1405400037765503,0.1475200057029724,"{""hidden_size"": 4096, ""num_attention_heads"": 32, ""num_key_value_heads"": 8, ""dtype"": ""torch.bfloat16"", ""bsz"": 1, ""seq_len"": 8192}",Ascend910,2026-06-15 17:03:03,0.8.0
rope,liger,forward,speed,ms,T,sequence length,8192,0.2835499942302704,0.27862799167633057,0.2887119948863983,"{""hidden_size"": 4096, ""num_attention_heads"": 32, ""num_key_value_heads"": 8, ""dtype"": ""torch.bfloat16"", ""bsz"": 1, ""seq_len"": 8192}",Ascend910,2026-06-15 17:03:03,0.8.0
rope,huggingface,backward,speed,ms,T,sequence length,1024,0.21077001094818115,0.20882800221443176,0.21559999883174896,"{""hidden_size"": 4096, ""num_attention_heads"": 32, ""num_key_value_heads"": 8, ""dtype"": ""torch.bfloat16"", ""bsz"": 1, ""seq_len"": 8192}",Ascend910,2026-06-15 17:03:03,0.8.0
rope,huggingface,backward,speed,ms,T,sequence length,2048,0.3146899938583374,0.31279999017715454,0.3160199820995331,"{""hidden_size"": 4096, ""num_attention_heads"": 32, ""num_key_value_heads"": 8, ""dtype"": ""torch.bfloat16"", ""bsz"": 1, ""seq_len"": 8192}",Ascend910,2026-06-15 17:03:03,0.8.0
rope,huggingface,backward,speed,ms,T,sequence length,4096,0.5172200202941895,0.5161880254745483,0.5224640369415283,"{""hidden_size"": 4096, ""num_attention_heads"": 32, ""num_key_value_heads"": 8, ""dtype"": ""torch.bfloat16"", ""bsz"": 1, ""seq_len"": 8192}",Ascend910,2026-06-15 17:03:03,0.8.0
rope,huggingface,backward,speed,ms,T,sequence length,8192,1.0367799997329712,1.032920002937317,1.0417200326919556,"{""hidden_size"": 4096, ""num_attention_heads"": 32, ""num_key_value_heads"": 8, ""dtype"": ""torch.bfloat16"", ""bsz"": 1, ""seq_len"": 8192}",Ascend910,2026-06-15 17:03:03,0.8.0
rope,liger,backward,speed,ms,T,sequence length,1024,0.12257000058889389,0.12166000157594681,0.12693199515342712,"{""hidden_size"": 4096, ""num_attention_heads"": 32, ""num_key_value_heads"": 8, ""dtype"": ""torch.bfloat16"", ""bsz"": 1, ""seq_len"": 8192}",Ascend910,2026-06-15 17:03:03,0.8.0
rope,liger,backward,speed,ms,T,sequence length,2048,0.1911800056695938,0.18931999802589417,0.19404000043869019,"{""hidden_size"": 4096, ""num_attention_heads"": 32, ""num_key_value_heads"": 8, ""dtype"": ""torch.bfloat16"", ""bsz"": 1, ""seq_len"": 8192}",Ascend910,2026-06-15 17:03:03,0.8.0
rope,liger,backward,speed,ms,T,sequence length,4096,0.3229699730873108,0.32056400179862976,0.3254159986972809,"{""hidden_size"": 4096, ""num_attention_heads"": 32, ""num_key_value_heads"": 8, ""dtype"": ""torch.bfloat16"", ""bsz"": 1, ""seq_len"": 8192}",Ascend910,2026-06-15 17:03:03,0.8.0
rope,liger,backward,speed,ms,T,sequence length,8192,0.5608299970626831,0.5591359734535217,0.5635160207748413,"{""hidden_size"": 4096, ""num_attention_heads"": 32, ""num_key_value_heads"": 8, ""dtype"": ""torch.bfloat16"", ""bsz"": 1, ""seq_len"": 8192}",Ascend910,2026-06-15 17:03:03,0.8.0
rope,huggingface,full,speed,ms,T,sequence length,1024,0.834630012512207,0.8327479958534241,0.837552011013031,"{""hidden_size"": 4096, ""num_attention_heads"": 32, ""num_key_value_heads"": 8, ""dtype"": ""torch.bfloat16"", ""bsz"": 1, ""seq_len"": 8192}",Ascend910,2026-06-15 17:03:04,0.8.0
rope,huggingface,full,speed,ms,T,sequence length,2048,1.4238700866699219,1.421280026435852,1.4266200065612793,"{""hidden_size"": 4096, ""num_attention_heads"": 32, ""num_key_value_heads"": 8, ""dtype"": ""torch.bfloat16"", ""bsz"": 1, ""seq_len"": 8192}",Ascend910,2026-06-15 17:03:04,0.8.0
rope,huggingface,full,speed,ms,T,sequence length,4096,2.550960063934326,2.5476601123809814,2.5542960166931152,"{""hidden_size"": 4096, ""num_attention_heads"": 32, ""num_key_value_heads"": 8, ""dtype"": ""torch.bfloat16"", ""bsz"": 1, ""seq_len"": 8192}",Ascend910,2026-06-15 17:03:04,0.8.0
rope,huggingface,full,speed,ms,T,sequence length,8192,5.178239822387695,5.178239822387695,5.178239822387695,"{""hidden_size"": 4096, ""num_attention_heads"": 32, ""num_key_value_heads"": 8, ""dtype"": ""torch.bfloat16"", ""bsz"": 1, ""seq_len"": 8192}",Ascend910,2026-06-15 17:03:04,0.8.0
rope,liger,full,speed,ms,T,sequence length,1024,0.5938000082969666,0.5924919843673706,0.5983279943466187,"{""hidden_size"": 4096, ""num_attention_heads"": 32, ""num_key_value_heads"": 8, ""dtype"": ""torch.bfloat16"", ""bsz"": 1, ""seq_len"": 8192}",Ascend910,2026-06-15 17:03:04,0.8.0
rope,liger,full,speed,ms,T,sequence length,2048,1.1110199689865112,1.109700083732605,1.1120399236679077,"{""hidden_size"": 4096, ""num_attention_heads"": 32, ""num_key_value_heads"": 8, ""dtype"": ""torch.bfloat16"", ""bsz"": 1, ""seq_len"": 8192}",Ascend910,2026-06-15 17:03:04,0.8.0
rope,liger,full,speed,ms,T,sequence length,4096,2.1419601440429688,2.1378960609436035,2.145872116088867,"{""hidden_size"": 4096, ""num_attention_heads"": 32, ""num_key_value_heads"": 8, ""dtype"": ""torch.bfloat16"", ""bsz"": 1, ""seq_len"": 8192}",Ascend910,2026-06-15 17:03:04,0.8.0
rope,liger,full,speed,ms,T,sequence length,8192,4.143959999084473,4.142136096954346,4.1457839012146,"{""hidden_size"": 4096, ""num_attention_heads"": 32, ""num_key_value_heads"": 8, ""dtype"": ""torch.bfloat16"", ""bsz"": 1, ""seq_len"": 8192}",Ascend910,2026-06-15 17:03:04,0.8.0
rope,huggingface,full,memory,MB,T,sequence length,1024,62.505859375,62.505859375,62.505859375,"{""hidden_size"": 4096, ""num_attention_heads"": 32, ""num_key_value_heads"": 8, ""dtype"": ""torch.bfloat16"", ""bsz"": 1, ""seq_len"": 8192}",Ascend910,2026-06-15 17:03:04,0.8.0
rope,huggingface,full,memory,MB,T,sequence length,2048,125.005859375,125.005859375,125.005859375,"{""hidden_size"": 4096, ""num_attention_heads"": 32, ""num_key_value_heads"": 8, ""dtype"": ""torch.bfloat16"", ""bsz"": 1, ""seq_len"": 8192}",Ascend910,2026-06-15 17:03:04,0.8.0
rope,huggingface,full,memory,MB,T,sequence length,4096,252.0029296875,252.0029296875,252.0029296875,"{""hidden_size"": 4096, ""num_attention_heads"": 32, ""num_key_value_heads"": 8, ""dtype"": ""torch.bfloat16"", ""bsz"": 1, ""seq_len"": 8192}",Ascend910,2026-06-15 17:03:04,0.8.0
rope,huggingface,full,memory,MB,T,sequence length,8192,500.005859375,500.005859375,500.005859375,"{""hidden_size"": 4096, ""num_attention_heads"": 32, ""num_key_value_heads"": 8, ""dtype"": ""torch.bfloat16"", ""bsz"": 1, ""seq_len"": 8192}",Ascend910,2026-06-15 17:03:04,0.8.0
rope,liger,full,memory,MB,T,sequence length,1024,44.513671875,44.513671875,44.513671875,"{""hidden_size"": 4096, ""num_attention_heads"": 32, ""num_key_value_heads"": 8, ""dtype"": ""torch.bfloat16"", ""bsz"": 1, ""seq_len"": 8192}",Ascend910,2026-06-15 17:03:04,0.8.0
rope,liger,full,memory,MB,T,sequence length,2048,89.021484375,89.021484375,89.021484375,"{""hidden_size"": 4096, ""num_attention_heads"": 32, ""num_key_value_heads"": 8, ""dtype"": ""torch.bfloat16"", ""bsz"": 1, ""seq_len"": 8192}",Ascend910,2026-06-15 17:03:04,0.8.0
rope,liger,full,memory,MB,T,sequence length,4096,180.0341796875,180.0341796875,180.0341796875,"{""hidden_size"": 4096, ""num_attention_heads"": 32, ""num_key_value_heads"": 8, ""dtype"": ""torch.bfloat16"", ""bsz"": 1, ""seq_len"": 8192}",Ascend910,2026-06-15 17:03:04,0.8.0
rope,liger,full,memory,MB,T,sequence length,8192,356.068359375,356.068359375,356.068359375,"{""hidden_size"": 4096, ""num_attention_heads"": 32, ""num_key_value_heads"": 8, ""dtype"": ""torch.bfloat16"", ""bsz"": 1, ""seq_len"": 8192}",Ascend910,2026-06-15 17:03:04,0.8.0
